0,-6.958008
0.0146484,-6.933594
0.0292968,-6.860352
0.0439452,-6.90918
0.0585936,-6.872559
0.073242,-6.90918
0.0878904,-6.921387
0.1025388,-6.872559
0.1171872,-6.90918
0.1318356,-6.872559
0.146484,-6.933594
0.1611324,-6.958008
0.1757808,-6.945801
0.1904292,-6.90918
0.2050776,-6.848145
0.219726,-6.945801
0.2343744,-6.90918
0.2490228,-6.872559
0.2636712,-6.933594
0.2783196,-6.884766
0.292968,-6.921387
0.3076164,-6.90918
0.3222648,-6.848145
0.3369132,-6.921387
0.3515616,-6.835938
0.36621,-6.835938
0.3808584,-6.921387
0.3955068,-6.884766
0.4101552,-6.945801
0.4248036,-6.945801
0.439452,-6.945801
0.4541004,-6.945801
0.4687488,-6.933594
0.4833972,-6.933594
0.4980456,-6.872559
0.512694,-6.90918
0.5273424,-6.884766
0.5419908,-6.933594
0.5566392,-6.958008
0.5712876,-6.945801
0.585936,-6.945801
0.6005844,-6.933594
0.6152328,-6.884766
0.6298812,-6.994629
0.6445296,-6.921387
0.659178,-6.958008
0.6738264,-6.90918
0.6884748,-6.945801
0.7031232,-6.921387
0.7177716,-6.921387
0.73242,-6.970215
0.7470684,-6.884766
0.7617168,-6.90918
0.7763652,-6.872559
0.7910136,-6.945801
0.805662,-6.90918
0.8203104,-6.884766
0.8349588,-6.90918
0.8496072,-6.958008
0.8642556,-6.860352
0.878904,-6.860352
0.8935524,-6.884766
0.9082008,-6.872559
0.9228492,-6.860352
0.9374976,-6.90918
0.952146,-6.970215
0.9667944,-6.945801
0.9814428,-6.90918
0.9960912,-6.921387
1.01074,43.00537
1.025388,70.91064
1.040036,94.32373
1.054685,114.8071
1.069333,133.1055
1.083982,149.6094
1.09863,164.563
1.113278,177.9419
1.127927,156.4087
1.142575,132.1533
1.157224,114.8682
1.171872,100.9277
1.18652,89.22119
1.201169,79.05273
1.215817,70.01953
1.230466,62.02393
1.245114,54.84619
1.259762,48.31543
1.274411,42.49268
1.289059,37.21924
1.303708,32.44629
1.318356,28.18604
1.333004,24.35303
1.347653,20.92285
1.362301,17.90771
1.37695,15.14893
1.391598,12.68311
1.406246,10.40039
1.420895,8.459473
1.435543,6.726074
1.450192,5.078125
1.46484,3.710938
1.479488,2.429199
1.494137,1.306152
1.508785,0.3173828
1.523434,-0.5981445
1.538082,-1.464844
1.55273,-2.160645
1.567379,-2.783203
1.582027,-3.320313
1.596676,-3.881836
1.611324,-4.272461
1.625972,-4.760742
1.640621,-5.13916
1.655269,-5.395508
1.669918,-5.761719
1.684566,-5.957031
1.699214,-6.225586
1.713863,-6.323242
1.728511,-6.555176
1.74316,-6.665039
1.757808,-6.848145
1.772456,-6.958008
1.787105,-6.994629
1.801753,-7.104492
1.816402,-7.189941
1.83105,-7.177734
1.845698,-7.250977
1.860347,-7.385254
1.874995,-7.373047
1.889644,-7.434082
1.904292,-7.373047
1.91894,-7.48291
1.933589,-7.48291
1.948237,-7.519531
1.962886,-7.421875
1.977534,-7.434082
1.992182,-7.409668
2.006831,-7.434082
2.021479,-7.434082
2.036128,-7.470703
2.050776,-7.434082
2.065424,-7.458496
2.080073,-7.470703
2.094721,-7.434082
2.10937,-7.421875
2.124018,-7.336426
2.138666,-7.385254
2.153315,-7.336426
2.167963,-7.299805
2.182612,-7.324219
2.19726,-7.336426
2.211908,-7.324219
2.226557,-7.312012
2.241205,-7.226563
2.255854,-7.214355
2.270502,-7.250977
2.285151,-7.189941
2.299799,-7.226563
2.314447,-7.177734
2.329096,-7.23877
2.343744,-7.141113
2.358392,-7.177734
2.373041,-7.165527
2.387689,-7.128906
2.402338,-7.128906
2.416986,-7.067871
2.431634,-7.055664
2.446283,-7.092285
2.460931,-7.116699
2.47558,-7.03125
2.490228,-7.116699
2.504876,-7.067871
2.519525,-7.03125
2.534173,-7.03125
2.548822,-7.092285
2.56347,-7.03125
2.578118,-7.019043
2.592767,-7.019043
2.607415,-7.043457
2.622064,-7.03125
2.636712,-7.006836
2.651361,-6.958008
2.666009,-6.945801
2.680657,-7.019043
2.695306,-6.982422
2.709954,-6.994629
2.724602,-6.921387
2.739251,-7.03125
2.753899,-6.970215
2.768548,-7.006836
2.783196,-6.982422
2.797844,-6.933594
2.812493,-6.970215
2.827141,-6.921387
2.84179,-6.90918
2.856438,-6.945801
2.871086,-6.872559
2.885735,-6.970215
2.900383,-6.945801
2.915032,-6.958008
2.92968,-6.945801
2.944329,-6.872559
2.958977,-6.958008
2.973625,-6.921387
2.988274,-6.945801
3.002922,-6.884766
3.01757,-6.884766
3.032219,-6.884766
3.046867,-6.90918
3.061516,-6.860352
3.076164,-6.860352
3.090812,-6.884766
3.105461,-6.90918
3.120109,-6.945801
3.134758,-6.860352
3.149406,-6.921387
3.164054,-6.884766
3.178703,-6.872559
3.193351,-6.860352
3.208,-6.90918
3.222648,-6.860352
3.237296,-6.933594
3.251945,-6.872559
3.266593,-6.860352
3.281242,-6.82373
3.29589,-6.884766
3.310539,-6.933594
3.325187,-6.884766
3.339835,-6.90918
3.354484,-6.884766
3.369132,-6.945801
3.38378,-6.848145
3.398429,-6.82373
3.413077,-6.90918
3.427726,-6.884766
3.442374,-6.860352
3.457022,-6.848145
3.471671,-6.90918
3.486319,-6.82373
3.500968,-6.860352
3.515616,-6.848145
3.530264,-6.872559
3.544913,-6.860352
3.559561,-6.884766
3.57421,-6.884766
3.588858,-6.835938
3.603507,-6.90918
3.618155,-6.872559
3.632803,-6.933594
3.647452,-6.848145
3.6621,-6.82373
3.676749,-6.848145
3.691397,-6.848145
3.706045,-6.860352
3.720694,-6.90918
3.735342,-6.860352
3.74999,-6.872559
3.764639,-6.811523
3.779287,-6.872559
3.793936,-6.872559
3.808584,-6.835938
3.823232,-6.860352
3.837881,-6.848145
3.852529,-6.872559
3.867178,-6.884766
3.881826,-6.921387
3.896474,-6.860352
3.911123,-6.82373
3.925771,-6.848145
3.94042,-6.884766
3.955068,-6.848145
3.969717,-6.921387
3.984365,-6.848145
3.999013,-6.945801
4.013662,-6.835938
4.02831,-6.90918
4.042958,-6.860352
4.057607,-6.860352
4.072255,-6.835938
4.086904,-6.848145
4.101552,-6.835938
4.1162,-6.872559
4.130849,-6.872559
4.145497,-6.860352
4.160146,-6.872559
4.174794,-6.860352
4.189443,-6.884766
4.204091,-6.835938
4.21874,-6.884766
4.233387,-6.848145
4.248036,-6.835938
4.262684,-6.811523
4.277333,-6.90918
4.291981,-6.90918
4.30663,-6.835938
4.321278,-6.835938
4.335927,-6.848145
4.350575,-6.860352
4.365223,-6.860352
4.379872,-6.860352
4.39452,-6.848145
4.409168,-6.860352
4.423817,-6.860352
4.438465,-6.884766
4.453114,-6.860352
4.467762,-6.884766
4.48241,-6.811523
4.497059,-6.848145
4.511707,-6.90918
4.526356,-6.848145
4.541004,-6.860352
4.555653,-6.860352
4.570301,-6.872559
4.584949,-6.860352
4.599597,-6.872559
4.614246,-6.848145
4.628894,-6.945801
4.643543,-6.90918
4.658191,-6.848145
4.67284,-6.872559
4.687488,-6.884766
4.702137,-6.872559
4.716785,-6.811523
4.731433,-6.811523
4.746082,-6.82373
4.76073,-6.90918
4.775379,-6.884766
4.790027,-6.933594
4.804675,-6.872559
4.819324,-6.860352
4.833972,-6.90918
4.84862,-6.848145
4.863269,-6.90918
4.877917,-6.860352
4.892566,-6.884766
4.907214,-6.884766
4.921863,-6.933594
4.936511,-6.860352
4.951159,-6.860352
4.965808,-6.82373
4.980456,-6.860352
4.995104,-6.82373
5.009753,-6.921387
5.024401,-6.848145
5.03905,-6.933594
5.053698,-6.933594
5.068347,-6.90918
5.082995,-6.848145
5.097643,-6.872559
5.112292,-6.90918
5.12694,-6.848145
5.141589,-6.872559
5.156237,-6.835938
5.170885,-6.82373
5.185534,-6.835938
5.200182,-6.921387
5.21483,-6.90918
5.229479,-6.933594
5.244127,-6.872559
5.258776,-6.884766
5.273424,-6.860352
5.288073,-6.921387
5.302721,-6.860352
5.317369,-6.860352
5.332018,-6.884766
5.346666,-6.848145
5.361314,-6.872559
5.375963,-6.884766
5.390611,-6.884766
5.40526,-6.872559
5.419908,-6.872559
5.434556,-6.835938
5.449205,-6.921387
5.463853,-6.848145
5.478502,-6.933594
5.49315,-6.933594
5.507799,-6.933594
5.522447,-6.860352
5.537095,-6.90918
5.551744,-6.921387
5.566392,-6.848145
5.58104,-6.872559
5.595689,-6.90918
5.610337,-6.921387
5.624986,-6.860352
5.639634,-6.90918
5.654283,-6.860352
5.668931,-6.958008
5.683579,-6.860352
5.698228,-6.860352
5.712876,-6.884766
5.727524,-6.90918
5.742173,-6.921387
5.756821,-6.921387
5.77147,-6.860352
5.786118,-6.872559
5.800766,-6.884766
5.815415,-6.90918
5.830063,-6.970215
5.844712,-6.921387
5.85936,-6.90918
5.874009,-6.933594
5.888657,-6.945801
5.903306,-6.933594
5.917953,-6.835938
5.932602,-6.860352
5.94725,-6.860352
5.961899,-6.884766
5.976547,-6.835938
5.991196,-6.90918
6.005844,-6.90918
6.020493,-6.933594
6.035141,-6.90918
6.049789,-6.933594
6.064438,-6.884766
6.079086,-6.90918
6.093735,-6.860352
6.108383,-6.872559
6.123031,-6.848145
6.13768,-6.884766
6.152328,-6.835938
6.166976,-6.933594
6.181625,-6.933594
6.196273,-6.884766
6.210922,-6.811523
6.22557,-6.933594
6.240219,-6.933594
6.254867,-6.884766
6.269516,-6.933594
6.284163,-6.921387
6.298812,-6.945801
6.31346,-6.945801
6.328109,-6.860352
6.342757,-6.872559
6.357406,-6.872559
6.372054,-6.860352
6.386703,-6.835938
6.401351,-6.811523
6.415999,-6.860352
6.430648,-6.933594
6.445296,-6.872559
6.459945,-6.921387
6.474593,-6.884766
6.489241,-6.90918
6.50389,-6.872559
6.518538,-6.933594
6.533186,-6.860352
6.547835,-6.884766
6.562483,-6.848145
6.577132,-6.933594
6.59178,-6.945801
6.606429,-6.945801
6.621077,-6.82373
6.635725,-6.90918
6.650374,-6.90918
6.665022,-6.884766
6.67967,-6.872559
6.694319,-6.884766
6.708967,-6.970215
6.723616,-6.90918
6.738264,-6.945801
6.752913,-6.884766
6.767561,-6.860352
6.782209,-6.860352
6.796858,-6.884766
6.811506,-6.945801
6.826155,-6.933594
6.840803,-6.921387
6.855451,-6.860352
6.8701,-6.933594
6.884748,-6.872559
6.899396,-6.921387
6.914045,-6.921387
6.928693,-6.994629
6.943342,-6.884766
6.95799,-6.872559
6.972639,-6.945801
6.987287,-6.872559
7.001935,-6.958008
7.016584,-6.884766
7.031232,-6.921387
7.04588,-6.921387
7.060529,-6.945801
7.075177,-6.860352
7.089826,-6.921387
7.104474,-6.90918
7.119123,-6.945801
7.133771,-6.90918
7.148419,-6.884766
7.163068,-6.90918
7.177716,-6.884766
7.192365,-6.90918
7.207013,-6.860352
7.221661,-6.90918
7.23631,-6.933594
7.250958,-6.848145
7.265606,-6.933594
7.280255,-6.933594
7.294903,-6.872559
7.309552,-6.933594
7.3242,-6.860352
7.338849,-6.933594
7.353497,-6.90918
7.368145,-6.872559
7.382794,-6.848145
7.397442,-6.933594
7.41209,-6.921387
7.426739,-6.921387
7.441387,-6.848145
7.456036,-6.872559
7.470684,-6.872559
7.485332,-6.921387
7.499981,-6.921387
7.514629,-6.848145
7.529278,-6.958008
7.543926,-6.872559
7.558575,-6.958008
7.573223,-6.848145
7.587872,-6.933594
7.60252,-6.884766
7.617168,-6.835938
7.631816,-6.90918
7.646465,-6.921387
7.661113,-6.872559
7.675762,-6.884766
7.69041,-6.90918
7.705059,-6.90918
7.719707,-6.90918
7.734355,-6.933594
7.749004,-6.933594
7.763652,-6.872559
7.778301,-6.872559
7.792949,-6.921387
7.807597,-6.884766
7.822246,-6.884766
7.836894,-6.90918
7.851542,-6.884766
7.866191,-6.872559
7.880839,-6.921387
7.895488,-6.933594
7.910136,-6.90918
7.924785,-6.90918
7.939433,-6.90918
7.954082,-6.921387
7.96873,-6.994629
7.983378,-6.945801
7.998026,-6.848145
8.012675,-6.921387
8.027324,-6.933594
8.041972,-6.872559
8.056621,-6.872559
8.071268,-6.872559
8.085917,-6.884766
8.100565,-6.933594
8.115213,-6.872559
8.129862,-6.884766
8.14451,-6.872559
8.159159,-6.945801
8.173807,-6.884766
8.188456,-6.933594
8.203104,-6.860352
8.217752,-6.933594
8.232401,-6.933594
8.247049,-6.872559
8.261698,-6.90918
8.276346,-6.958008
8.290995,-6.884766
8.305643,-6.921387
8.320292,-6.933594
8.33494,-6.872559
8.349588,-6.970215
8.364237,-6.933594
8.378885,-6.994629
8.393534,-6.90918
8.408182,-6.90918
8.422831,-6.933594
8.437479,-6.921387
8.452127,-6.958008
8.466775,-6.848145
8.481423,-6.835938
8.496072,-6.933594
8.51072,-6.90918
8.525369,-6.90918
8.540017,-6.921387
8.554666,-6.921387
8.569314,-6.994629
8.583962,-6.872559
8.598611,-6.921387
8.613259,-6.884766
8.627908,-6.945801
8.642556,-6.884766
8.657205,-6.921387
8.671853,-6.921387
8.686502,-6.872559
8.70115,-6.835938
8.715798,-6.884766
8.730447,-6.921387
8.745095,-6.884766
8.759744,-6.958008
8.774392,-6.933594
8.789041,-6.958008
8.803689,-6.90918
8.818336,-6.872559
8.832985,-6.945801
8.847633,-6.90918
8.862282,-6.90918
8.87693,-6.921387
8.891579,-7.092285
8.906227,-6.921387
8.920876,-6.860352
8.935524,-6.921387
8.950172,-6.982422
8.964821,-6.872559
8.979469,-6.921387
8.994118,-6.945801
9.008766,-6.945801
9.023415,-6.933594
9.038063,-6.970215
9.052711,-6.958008
9.06736,-6.933594
9.082008,-6.945801
9.096657,-6.90918
9.111305,-6.921387
9.125954,-6.872559
9.140602,-6.921387
9.155251,-6.958008
9.169899,-6.994629
9.184547,-6.933594
9.199195,-6.933594
9.213843,-6.921387
9.228492,-6.970215
9.24314,-6.921387
9.257789,-6.884766
9.272437,-6.90918
9.287086,-6.860352
9.301734,-6.921387
9.316382,-6.90918
9.331031,-6.90918
9.345679,-6.921387
9.360328,-6.884766
9.374976,-6.945801
9.389625,-6.945801
9.404273,-6.90918
9.418921,-6.933594
9.43357,-6.945801
9.448218,-6.945801
9.462867,-6.921387
9.477515,-6.933594
9.492164,-6.921387
9.506812,-6.921387
9.521461,-6.90918
9.536109,-6.90918
9.550757,-6.90918
9.565405,-6.933594
9.580053,-6.958008
9.594702,-6.921387
9.60935,-6.970215
9.623999,-6.921387
9.638647,-6.970215
9.653296,-6.945801
9.667944,-6.945801
9.682592,-6.921387
9.697241,-6.921387
9.711889,-6.945801
9.726538,-6.933594
9.741186,-6.872559
9.755835,-6.884766
9.770483,-6.933594
9.785131,-6.90918
9.79978,-6.958008
9.814428,-6.933594
9.829077,-6.945801
9.843725,-6.921387
9.858374,-6.945801
9.873022,-6.933594
9.887671,-6.970215
9.902319,-6.921387
9.916967,-6.933594
9.931616,-6.945801
9.946263,-6.933594
9.960912,-6.872559
9.97556,-6.884766
9.990209,-6.945801
10.00486,-6.945801
10.01951,-6.970215
10.03415,-6.884766
10.0488,-6.958008
10.06345,-6.860352
10.0781,-6.933594
10.09275,-6.933594
10.1074,-6.933594
10.12204,-6.921387
10.13669,-6.945801
10.15134,-6.921387
10.16599,-6.872559
10.18064,-6.884766
10.19529,-6.945801
10.20994,-6.958008
10.22458,-6.90918
10.23923,-6.970215
10.25388,-6.872559
10.26853,-6.945801
10.28318,-6.90918
10.29783,-6.982422
10.31247,-6.958008
10.32712,-6.872559
10.34177,-6.958008
10.35642,-6.90918
10.37107,-6.860352
10.38572,-6.921387
10.40036,-6.90918
10.41501,-6.933594
10.42966,-6.970215
10.44431,-6.933594
10.45896,-6.945801
10.47361,-6.884766
10.48825,-6.945801
10.5029,-6.90918
10.51755,-6.958008
10.5322,-6.90918
10.54685,-6.872559
10.5615,-6.958008
10.57615,-6.933594
10.59079,-6.921387
10.60544,-6.945801
10.62009,-6.982422
10.63474,-6.90918
10.64939,-6.982422
10.66404,-6.848145
10.67868,-6.970215
10.69333,-6.945801
10.70798,-6.933594
10.72263,-6.933594
10.73728,-6.933594
10.75193,-6.921387
10.76657,-6.958008
10.78122,-6.921387
10.79587,-6.958008
10.81052,-6.945801
10.82517,-6.945801
10.83982,-6.933594
10.85446,-6.970215
10.86911,-6.958008
10.88376,-6.921387
10.89841,-6.970215
10.91306,-6.945801
10.92771,-6.970215
10.94236,-6.884766
10.957,-6.921387
10.97165,-6.970215
10.9863,-6.933594
11.00095,-6.933594
11.0156,-6.921387
11.03025,-6.921387
11.04489,-6.933594
11.05954,-6.970215
11.07419,-6.933594
11.08884,-6.970215
11.10349,-6.921387
11.11814,-6.945801
11.13278,-6.970215
11.14743,-6.945801
11.16208,-6.933594
11.17673,-6.933594
11.19138,-6.933594
11.20603,-6.90918
11.22067,-6.921387
11.23532,-6.970215
11.24997,-6.958008
11.26462,-6.958008
11.27927,-6.933594
11.29392,-6.933594
11.30857,-6.982422
11.32321,-6.921387
11.33786,-6.90918
11.35251,-6.933594
11.36716,-6.958008
11.38181,-6.933594
11.39646,-6.958008
11.4111,-6.945801
11.42575,-6.884766
11.4404,-6.921387
11.45505,-6.933594
11.4697,-6.994629
11.48435,-6.921387
11.49899,-6.884766
11.51364,-6.921387
11.52829,-6.921387
11.54294,-6.921387
11.55759,-6.921387
11.57224,-6.933594
11.58688,-6.958008
11.60153,-6.90918
11.61618,-6.90918
11.63083,-6.884766
11.64548,-6.90918
11.66013,-6.994629
11.67478,-6.945801
11.68942,-6.958008
11.70407,-6.933594
11.71872,-6.982422
11.73337,-6.945801
11.74802,-6.958008
11.76267,-6.90918
11.77731,-6.945801
11.79196,-6.958008
11.80661,-6.945801
11.82126,-6.933594
11.83591,-6.994629
11.85056,-6.860352
11.8652,-6.933594
11.87985,-6.982422
11.8945,-6.921387
11.90915,-6.994629
11.9238,-6.958008
11.93845,-6.958008
11.95309,-6.970215
11.96774,-6.933594
11.98239,-6.958008
11.99704,-6.970215
12.01169,-6.90918
12.02634,-6.958008
12.04099,-6.933594
12.05563,-6.958008
12.07028,-6.982422
12.08493,-6.90918
12.09958,-6.945801
12.11423,-6.945801
12.12888,-6.958008
12.14352,-6.945801
12.15817,-6.982422
12.17282,-6.958008
12.18747,-6.970215
12.20212,-6.945801
12.21677,-6.970215
12.23141,-6.970215
12.24606,-6.921387
12.26071,-6.921387
12.27536,-6.994629
12.29001,-6.982422
12.30466,-6.958008
12.3193,-6.970215
12.33395,-6.994629
12.3486,-7.055664
12.36325,-6.921387
12.3779,-6.921387
12.39255,-6.982422
12.4072,-6.921387
12.42184,-6.933594
12.43649,-6.933594
12.45114,-6.970215
12.46579,-6.945801
12.48044,-7.006836
12.49509,-6.982422
12.50973,-6.982422
12.52438,-6.958008
12.53903,-6.982422
12.55368,-6.970215
12.56833,-6.958008
12.58298,-6.982422
12.59762,-6.958008
12.61227,-6.958008
12.62692,-6.982422
12.64157,-6.958008
12.65622,-6.945801
12.67087,-6.90918
12.68551,-6.933594
12.70016,-7.019043
12.71481,-6.933594
12.72946,-7.006836
12.74411,-6.945801
12.75876,-6.994629
12.77341,-6.90918
12.78805,-6.994629
12.8027,-6.933594
12.81735,-6.945801
12.832,-6.970215
12.84665,-6.933594
12.8613,-6.921387
12.87594,-6.945801
12.89059,-6.921387
12.90524,-6.933594
12.91989,-6.994629
12.93454,-6.933594
12.94919,-6.970215
12.96383,-6.933594
12.97848,-6.994629
12.99313,-6.933594
13.00778,-6.982422
13.02243,-6.982422
13.03708,-6.994629
13.05172,-6.982422
13.06637,-6.933594
13.08102,-6.958008
13.09567,-6.982422
13.11032,-6.945801
13.12497,-6.970215
13.13962,-7.006836
13.15426,-6.933594
13.16891,-6.994629
13.18356,-6.945801
13.19821,-6.945801
13.21286,-6.958008
13.22751,-7.019043
13.24215,-6.970215
13.2568,-6.982422
13.27145,-6.982422
13.2861,-6.958008
13.30075,-6.921387
13.3154,-7.006836
13.33004,-6.982422
13.34469,-6.970215
13.35934,-6.970215
13.37399,-6.958008
13.38864,-6.982422
13.40329,-6.945801
13.41793,-6.90918
13.43258,-6.958008
13.44723,-6.958008
13.46188,-6.933594
13.47653,-6.958008
13.49118,-6.982422
13.50583,-6.982422
13.52047,-6.982422
13.53512,-7.006836
13.54977,-6.994629
13.56442,-6.970215
13.57907,-6.994629
13.59372,-6.970215
13.60836,-6.994629
13.62301,-6.958008
13.63766,-6.958008
13.65231,-6.982422
13.66696,-6.958008
13.68161,-6.958008
13.69625,-6.994629
13.7109,-6.945801
13.72555,-6.982422
13.7402,-7.006836
13.75485,-6.958008
13.7695,-6.970215
13.78414,-6.945801
13.79879,-6.994629
13.81344,-6.945801
13.82809,-6.970215
13.84274,-6.933594
13.85739,-7.006836
13.87204,-7.019043
13.88668,-6.982422
13.90133,-7.006836
13.91598,-7.006836
13.93063,-6.921387
13.94528,-6.982422
13.95993,-6.958008
13.97457,-6.982422
13.98922,-7.006836
14.00387,-6.958008
14.01852,-7.03125
14.03317,-6.970215
14.04782,-6.970215
14.06246,-6.970215
14.07711,-6.994629
14.09176,-6.970215
14.10641,-6.982422
14.12106,-6.958008
14.13571,-6.970215
14.15035,-6.982422
14.165,-6.958008
14.17965,-7.006836
14.1943,-6.982422
14.20895,-7.019043
14.2236,-6.958008
14.23825,-6.994629
14.25289,-6.958008
14.26754,-6.970215
14.28219,-6.970215
14.29684,-6.982422
14.31149,-7.03125
14.32614,-6.958008
14.34078,-6.970215
14.35543,-6.994629
14.37008,-7.006836
14.38473,-6.994629
14.39938,-6.994629
14.41403,-6.994629
14.42867,-7.006836
14.44332,-6.945801
14.45797,-7.019043
14.47262,-6.982422
14.48727,-6.933594
14.50192,-6.970215
14.51656,-6.970215
14.53121,-7.006836
14.54586,-6.958008
14.56051,-6.970215
14.57516,-6.994629
14.58981,-6.994629
14.60445,-6.982422
14.6191,-7.006836
14.63375,-7.006836
14.6484,-7.043457
14.66305,-6.970215
14.6777,-6.994629
14.69235,-6.970215
14.70699,-6.958008
14.72164,-6.970215
14.73629,-6.982422
14.75094,-6.945801
14.76559,-6.945801
14.78024,-7.019043
14.79488,-6.994629
14.80953,-6.982422
14.82418,-6.982422
14.83883,-7.019043
14.85348,-6.970215
14.86813,-6.958008
14.88277,-7.006836
14.89742,-6.994629
14.91207,-6.970215
14.92672,-6.970215
14.94137,-7.006836
14.95602,-6.982422
14.97066,-6.982422
14.98531,-6.982422
14.99996,-6.970215
15.01461,-7.006836
15.02926,-6.994629
15.04391,-6.958008
15.05856,-6.994629
15.0732,-6.994629
15.08785,-7.006836
15.1025,-6.958008
15.11715,-6.958008
15.1318,-7.03125
15.14645,-7.006836
15.16109,-6.958008
15.17574,-6.982422
15.19039,-6.970215
15.20504,-6.958008
15.21969,-7.006836
15.23434,-7.019043
15.24898,-7.03125
15.26363,-6.958008
15.27828,-7.006836
15.29293,-7.03125
15.30758,-6.994629
15.32223,-6.958008
15.33687,-6.982422
15.35152,-6.994629
15.36617,-7.03125
15.38082,-6.970215
15.39547,-6.982422
15.41012,-7.006836
15.42477,-7.006836
15.43941,-6.982422
15.45406,-6.994629
15.46871,-7.006836
15.48336,-6.994629
15.49801,-7.006836
15.51266,-7.043457
15.5273,-7.043457
15.54195,-7.006836
15.5566,-6.982422
15.57125,-7.019043
15.5859,-6.982422
15.60055,-7.055664
15.61519,-6.982422
15.62984,-7.043457
15.64449,-6.994629
15.65914,-6.970215
15.67379,-7.006836
15.68844,-7.043457
15.70308,-6.958008
15.71773,-6.982422
15.73238,-7.019043
15.74703,-7.019043
15.76168,-6.982422
15.77633,-6.970215
15.79098,-6.945801
15.80562,-6.958008
15.82027,-7.006836
15.83492,-6.994629
15.84957,-7.055664
15.86422,-6.994629
15.87887,-7.019043
15.89351,-6.970215
15.90816,-6.970215
15.92281,-6.994629
15.93746,-7.019043
15.95211,-7.006836
15.96676,-6.958008
15.9814,-6.994629
15.99605,-6.982422
16.0107,-6.994629
16.02535,-7.019043
16.04,-7.067871
16.05465,-7.03125
16.0693,-7.055664
16.08394,-7.006836
16.09859,-6.994629
16.11324,-6.970215
16.12789,-7.055664
16.14254,-6.958008
16.15718,-6.982422
16.17183,-7.043457
16.18648,-6.994629
16.20113,-6.982422
16.21578,-7.019043
16.23043,-6.970215
16.24508,-6.958008
16.25972,-6.994629
16.27437,-7.006836
16.28902,-7.055664
16.30367,-6.958008
16.31832,-7.019043
16.33297,-6.982422
16.34761,-7.019043
16.36226,-6.982422
16.37691,-6.982422
16.39156,-6.994629
16.40621,-6.994629
16.42086,-6.958008
16.4355,-6.994629
16.45015,-7.03125
16.4648,-7.006836
16.47945,-7.055664
16.4941,-7.03125
16.50875,-7.043457
16.5234,-6.982422
16.53804,-7.019043
16.55269,-7.019043
16.56734,-7.006836
16.58199,-7.006836
16.59664,-7.019043
16.61129,-7.043457
16.62593,-6.958008
16.64058,-6.958008
16.65523,-7.055664
16.66988,-7.006836
16.68453,-7.055664
16.69918,-7.055664
16.71383,-7.019043
16.72847,-7.055664
16.74312,-7.019043
16.75777,-7.006836
16.77242,-7.006836
16.78707,-7.03125
16.80172,-7.043457
16.81636,-7.006836
16.83101,-7.006836
16.84566,-6.994629
16.86031,-7.067871
16.87496,-7.006836
16.8896,-7.092285
16.90425,-7.019043
16.9189,-7.03125
16.93355,-7.03125
16.9482,-6.994629
16.96285,-7.043457
16.9775,-6.982422
16.99214,-7.006836
17.00679,-7.006836
17.02144,-7.03125
17.03609,-7.043457
17.05074,-6.933594
17.06539,-6.994629
17.08003,-7.03125
17.09468,-7.006836
17.10933,-7.019043
17.12398,-7.019043
17.13863,-7.067871
17.15328,-7.043457
17.16792,-7.067871
17.18257,-6.994629
17.19722,-7.019043
17.21187,-7.019043
17.22652,-7.006836
17.24117,-7.006836
17.25582,-6.994629
17.27046,-7.043457
17.28511,-7.019043
17.29976,-7.067871
17.31441,-7.006836
17.32906,-7.019043
17.34371,-7.006836
17.35835,-7.019043
17.373,-7.03125
17.38765,-7.043457
17.4023,-6.970215
17.41695,-7.043457
17.4316,-7.043457
17.44625,-7.03125
17.46089,-6.958008
17.47554,-7.019043
17.49019,-7.006836
17.50484,-7.019043
17.51949,-7.019043
17.53414,-6.982422
17.54878,-7.043457
17.56343,-7.03125
17.57808,-7.055664
17.59273,-7.006836
17.60738,-7.006836
17.62203,-7.019043
17.63667,-7.019043
17.65132,-7.055664
17.66597,-6.994629
17.68062,-6.970215
17.69527,-7.055664
17.70992,-7.03125
17.72456,-7.043457
17.73921,-7.092285
17.75386,-7.006836
17.76851,-7.067871
17.78316,-7.006836
17.79781,-7.006836
17.81245,-7.019043
17.8271,-7.03125
17.84175,-7.043457
17.8564,-7.043457
17.87105,-6.982422
17.8857,-7.019043
17.90034,-7.043457
17.91499,-7.055664
17.92964,-7.055664
17.94429,-7.019043
17.95894,-7.006836
17.97359,-7.019043
17.98824,-7.03125
18.00288,-7.019043
18.01753,-7.067871
18.03218,-7.006836
18.04683,-7.019043
18.06148,-6.982422
18.07613,-7.067871
18.09077,-6.958008
18.10542,-6.982422
18.12007,-7.019043
18.13472,-7.006836
18.14937,-7.019043
18.16402,-7.006836
18.17867,-7.043457
18.19331,-7.006836
18.20796,-7.03125
18.22261,-6.982422
18.23726,-7.067871
18.25191,-7.067871
18.26656,-7.03125
18.2812,-6.982422
18.29585,-7.03125
18.3105,-6.994629
18.32515,-7.055664
18.3398,-7.055664
18.35445,-6.994629
18.36909,-7.043457
18.38374,-7.006836
18.39839,-7.092285
18.41304,-7.03125
18.42769,-7.006836
18.44234,-7.019043
18.45698,-6.994629
18.47163,-7.03125
18.48628,-7.019043
18.50093,-6.994629
18.51558,-7.043457
18.53023,-7.092285
18.54487,-6.982422
18.55952,-7.03125
18.57417,-7.043457
18.58882,-7.043457
18.60347,-7.055664
18.61812,-7.067871
18.63276,-7.03125
18.64741,-7.03125
18.66206,-7.006836
18.67671,-7.043457
18.69136,-7.043457
18.70601,-7.006836
18.72066,-7.019043
18.7353,-7.03125
18.74995,-7.043457
18.7646,-7.067871
18.77925,-7.03125
18.7939,-7.019043
18.80855,-7.104492
18.82319,-7.019043
18.83784,-7.006836
18.85249,-6.994629
18.86714,-6.994629
18.88179,-7.019043
18.89644,-7.03125
18.91109,-7.019043
18.92573,-7.019043
18.94038,-7.043457
18.95503,-7.043457
18.96968,-7.043457
18.98433,-6.982422
18.99898,-7.067871
19.01362,-7.067871
19.02827,-7.03125
19.04292,-7.03125
19.05757,-7.067871
19.07222,-7.03125
19.08687,-7.055664
19.10151,-7.043457
19.11616,-7.03125
19.13081,-6.970215
19.14546,-7.006836
19.16011,-7.067871
19.17476,-7.03125
19.1894,-7.055664
19.20405,-6.994629
19.2187,-7.092285
19.23335,-7.067871
19.248,-7.03125
19.26265,-7.03125
19.27729,-7.03125
19.29194,-7.043457
19.30659,-7.055664
19.32124,-7.019043
19.33589,-7.03125
19.35054,-7.03125
19.36518,-6.994629
19.37983,-7.055664
19.39448,-7.104492
19.40913,-7.043457
19.42378,-7.043457
19.43843,-7.092285
19.45308,-6.982422
19.46772,-7.03125
19.48237,-7.043457
19.49702,-7.055664
19.51167,-7.055664
19.52632,-7.067871
19.54097,-7.043457
19.55561,-7.03125
19.57026,-7.092285
19.58491,-7.055664
19.59956,-7.055664
19.61421,-7.043457
19.62886,-7.104492
19.64351,-7.055664
19.65815,-7.03125
19.6728,-7.03125
19.68745,-7.067871
19.7021,-6.970215
19.71675,-7.043457
19.7314,-7.055664
19.74604,-7.043457
19.76069,-7.019043
19.77534,-7.03125
19.78999,-7.067871
19.80464,-7.006836
19.81929,-7.104492
19.83393,-7.067871
19.84858,-7.116699
19.86323,-7.03125
19.87788,-7.03125
19.89253,-7.104492
19.90718,-7.043457
19.92182,-7.043457
19.93647,-7.067871
19.95112,-7.067871
19.96577,-7.067871
19.98042,-7.019043
19.99507,-7.043457
20.00971,-7.104492
20.02436,-7.067871
20.03901,-7.092285
20.05366,-7.043457
20.06831,-7.043457
20.08296,-7.043457
20.0976,-7.092285
20.11225,-7.055664
20.1269,-7.055664
20.14155,-7.019043
20.1562,-7.055664
20.17085,-7.019043
20.1855,-7.043457
20.20014,-7.055664
20.21479,-7.104492
20.22944,-7.092285
20.24409,-7.043457
20.25874,-7.104492
20.27339,-7.043457
20.28803,-7.055664
20.30268,-7.104492
20.31733,-7.092285
20.33198,-7.055664
20.34663,-7.03125
20.36128,-6.970215
20.37593,-7.03125
20.39057,-7.006836
20.40522,-7.055664
20.41987,-7.092285
20.43452,-7.092285
20.44917,-7.104492
20.46382,-6.994629
20.47846,-7.104492
20.49311,-7.006836
20.50776,-7.019043
20.52241,-7.03125
20.53706,-7.055664
20.55171,-7.055664
20.56635,-7.067871
20.581,-7.03125
20.59565,-7.03125
20.6103,-7.092285
20.62495,-7.043457
20.6396,-7.067871
20.65424,-7.03125
20.66889,-7.092285
20.68354,-7.019043
20.69819,-7.043457
20.71284,-7.055664
20.72749,-7.067871
20.74213,-7.03125
20.75678,-7.03125
20.77143,-7.15332
20.78608,-7.043457
20.80073,-6.982422
20.81538,-7.055664
20.83002,-7.092285
20.84467,-7.043457
20.85932,-7.055664
20.87397,-7.067871
20.88862,-7.104492
20.90327,-7.055664
20.91792,-7.043457
20.93256,-7.043457
20.94721,-7.006836
20.96186,-7.03125
20.97651,-7.043457
20.99116,-7.067871
21.00581,-7.03125
21.02045,-7.067871
21.0351,-7.03125
21.04975,-7.092285
21.0644,-7.067871
21.07905,-7.043457
21.0937,-7.043457
21.10835,-7.141113
21.12299,-7.03125
21.13764,-7.055664
21.15229,-7.055664
21.16694,-7.043457
21.18159,-7.055664
21.19624,-7.03125
21.21088,-6.982422
21.22553,-7.019043
21.24018,-7.055664
21.25483,-7.019043
21.26948,-7.141113
21.28413,-7.019043
21.29877,-7.055664
21.31342,-7.043457
21.32807,-7.006836
21.34272,-7.019043
21.35737,-7.043457
21.37202,-7.055664
21.38666,-7.067871
21.40131,-7.104492
21.41596,-7.067871
21.43061,-6.994629
21.44526,-7.019043
21.45991,-7.067871
21.47455,-7.055664
21.4892,-7.055664
21.50385,-7.055664
21.5185,-7.128906
21.53315,-7.055664
21.5478,-7.067871
21.56244,-7.067871
21.57709,-7.03125
21.59174,-7.067871
21.60639,-7.006836
21.62104,-7.019043
21.63569,-7.03125
21.65034,-7.067871
21.66498,-7.043457
21.67963,-7.067871
21.69428,-7.03125
21.70893,-7.104492
21.72358,-7.019043
21.73823,-7.055664
21.75287,-7.055664
21.76752,-7.092285
21.78217,-7.03125
21.79682,-7.055664
21.81147,-7.055664
21.82612,-7.03125
21.84076,-7.043457
21.85541,-7.019043
21.87006,-7.055664
21.88471,-7.019043
21.89936,-7.055664
21.91401,-7.055664
21.92866,-7.055664
21.9433,-7.116699
21.95795,-7.043457
21.9726,-7.055664
21.98725,-7.03125
22.0019,-7.043457
22.01655,-7.019043
22.03119,-7.055664
22.04584,-7.006836
22.06049,-7.043457
22.07514,-7.055664
22.08979,-7.116699
22.10444,-7.043457
22.11909,-7.055664
22.13373,-7.03125
22.14838,-7.092285
22.16303,-7.006836
22.17768,-7.03125
22.19233,-7.019043
22.20697,-7.067871
22.22162,-7.055664
22.23627,-7.055664
22.25092,-7.043457
22.26557,-7.019043
22.28022,-7.092285
22.29486,-7.055664
22.30951,-7.092285
22.32416,-7.019043
22.33881,-7.067871
22.35346,-7.055664
22.36811,-7.019043
22.38276,-7.006836
22.3974,-7.055664
22.41205,-7.03125
22.4267,-7.055664
22.44135,-7.092285
22.456,-7.043457
22.47065,-6.994629
22.48529,-7.055664
22.49994,-7.092285
22.51459,-7.055664
22.52924,-7.141113
22.54389,-7.03125
22.55854,-7.116699
22.57318,-7.067871
22.58783,-7.043457
22.60248,-7.043457
22.61713,-7.019043
22.63178,-7.055664
22.64643,-7.067871
22.66108,-7.055664
22.67572,-7.043457
22.69037,-7.055664
22.70502,-7.043457
22.71967,-7.104492
22.73432,-7.03125
22.74897,-7.104492
22.76361,-7.03125
22.77826,-7.104492
22.79291,-7.092285
22.80756,-7.092285
22.82221,-7.067871
22.83686,-7.067871
22.85151,-7.104492
22.86615,-7.055664
22.8808,-7.03125
22.89545,-7.067871
22.9101,-7.104492
22.92475,-7.043457
22.93939,-7.092285
22.95404,-7.043457
22.96869,-7.128906
22.98334,-7.055664
22.99799,-7.092285
23.01264,-7.104492
23.02728,-7.104492
23.04193,-7.043457
23.05658,-7.067871
23.07123,-7.104492
23.08588,-7.067871
23.10053,-7.043457
23.11518,-7.104492
23.12982,-7.067871
23.14447,-7.03125
23.15912,-7.116699
23.17377,-7.104492
23.18842,-7.165527
23.20307,-7.055664
23.21771,-7.067871
23.23236,-7.043457
23.24701,-7.055664
23.26166,-7.067871
23.27631,-7.092285
23.29096,-7.043457
23.3056,-7.055664
23.32025,-7.116699
23.3349,-7.055664
23.34955,-7.092285
23.3642,-7.055664
23.37885,-7.116699
23.3935,-7.055664
23.40814,-7.019043
23.42279,-7.043457
23.43744,-7.043457
23.45209,-7.055664
23.46674,-7.055664
23.48139,-7.092285
23.49603,-7.092285
23.51068,-7.019043
23.52533,-7.03125
23.53998,-7.116699
23.55463,-7.055664
23.56928,-7.141113
23.58393,-7.043457
23.59857,-7.141113
23.61322,-7.092285
23.62787,-7.055664
23.64252,-7.055664
23.65717,-7.055664
23.67181,-7.104492
23.68646,-7.067871
23.70111,-7.03125
23.71576,-7.067871
23.73041,-7.141113
23.74506,-7.092285
23.7597,-7.03125
23.77435,-7.067871
23.789,-7.104492
23.80365,-7.067871
23.8183,-7.055664
23.83295,-7.092285
23.8476,-7.055664
23.86224,-7.067871
23.87689,-7.15332
23.89154,-7.116699
23.90619,-7.043457
23.92084,-7.055664
23.93549,-7.055664
23.95013,-7.092285
23.96478,-7.043457
23.97943,-7.141113
23.99408,-7.067871
24.00873,-7.128906
24.02338,-7.104492
24.03802,-7.055664
24.05267,-7.055664
24.06732,-7.116699
24.08197,-7.043457
24.09662,-7.055664
24.11127,-7.116699
24.12592,-7.104492
24.14056,-7.141113
24.15521,-7.092285
24.16986,-7.104492
24.18451,-7.043457
24.19916,-7.116699
24.21381,-7.055664
24.22845,-7.104492
24.2431,-7.055664
24.25775,-7.092285
24.2724,-7.067871
24.28705,-7.055664
24.3017,-7.03125
24.31635,-7.092285
24.33099,-7.019043
24.34564,-7.067871
24.36029,-7.092285
24.37494,-7.067871
24.38959,-7.141113
24.40423,-7.055664
24.41888,-7.141113
24.43353,-7.092285
24.44818,-7.104492
24.46283,-7.055664
24.47748,-7.055664
24.49212,-7.092285
24.50677,-7.043457
24.52142,-7.116699
24.53607,-7.092285
24.55072,-7.03125
24.56537,-7.104492
24.58002,-7.092285
24.59466,-7.055664
24.60931,-7.116699
24.62396,-7.092285
24.63861,-7.15332
24.65326,-7.092285
24.66791,-7.067871
24.68255,-7.067871
24.6972,-7.092285
24.71185,-7.104492
24.7265,-7.055664
24.74115,-7.055664
24.7558,-7.019043
24.77044,-7.141113
24.78509,-7.092285
24.79974,-7.15332
24.81439,-7.116699
24.82904,-7.116699
24.84369,-7.092285
24.85834,-7.092285
24.87298,-7.067871
24.88763,-7.128906
24.90228,-7.092285
24.91693,-7.043457
24.93158,-7.092285
24.94623,-7.092285
24.96087,-7.067871
24.97552,-7.055664
24.99017,-7.092285
25.00482,-7.019043
25.01947,-7.116699
25.03412,-7.128906
25.04877,-7.177734
25.06341,-7.067871
25.07806,-7.116699
25.09271,-7.116699
25.10736,-7.104492
25.12201,-7.092285
25.13665,-7.128906
25.1513,-7.067871
25.16595,-7.092285
25.1806,-7.092285
25.19525,-7.104492
25.2099,-7.141113
25.22454,-7.104492
25.23919,-7.128906
25.25384,-7.104492
25.26849,-7.141113
25.28314,-7.092285
25.29779,-7.067871
25.31244,-7.104492
25.32708,-7.104492
25.34173,-7.055664
25.35638,-7.116699
25.37103,-7.043457
25.38568,-7.092285
25.40033,-7.141113
25.41497,-7.055664
25.42962,-7.128906
25.44427,-7.092285
25.45892,-7.141113
25.47357,-7.092285
25.48822,-7.092285
25.50286,-7.116699
25.51751,-7.104492
25.53216,-7.104492
25.54681,-7.092285
25.56146,-7.141113
25.57611,-7.055664
25.59076,-7.019043
25.6054,-7.104492
25.62005,-7.141113
25.6347,-7.116699
25.64935,-7.141113
25.664,-7.116699
25.67865,-7.128906
25.69329,-7.092285
25.70794,-7.092285
25.72259,-7.141113
25.73724,-7.092285
25.75189,-7.104492
25.76654,-7.104492
25.78119,-7.141113
25.79583,-7.104492
25.81048,-7.128906
25.82513,-7.092285
25.83978,-7.128906
25.85443,-7.092285
25.86908,-7.15332
25.88372,-7.104492
25.89837,-7.141113
25.91302,-7.128906
25.92767,-7.15332
25.94232,-7.055664
25.95696,-7.116699
25.97161,-7.141113
25.98626,-7.104492
26.00091,-7.092285
26.01556,-7.092285
26.03021,-7.104492
26.04486,-7.092285
26.0595,-7.116699
26.07415,-7.141113
26.0888,-7.092285
26.10345,-7.092285
26.1181,-7.165527
26.13275,-7.15332
26.14739,-7.055664
26.16204,-7.104492
26.17669,-7.092285
26.19134,-7.067871
26.20599,-7.092285
26.22064,-7.019043
26.23528,-7.128906
26.24993,-7.15332
26.26458,-7.104492
26.27923,-7.128906
26.29388,-7.128906
26.30853,-7.128906
26.32318,-7.104492
26.33782,-7.128906
26.35247,-7.092285
26.36712,-7.092285
26.38177,-7.104492
26.39642,-7.104492
26.41107,-7.116699
26.42571,-7.092285
26.44036,-7.104492
26.45501,-7.15332
26.46966,-7.116699
26.48431,-7.116699
26.49896,-7.128906
26.51361,-7.116699
26.52825,-7.067871
26.5429,-7.043457
26.55755,-7.128906
26.5722,-7.092285
26.58685,-7.043457
26.6015,-7.104492
26.61614,-7.092285
26.63079,-7.067871
26.64544,-7.116699
26.66009,-7.141113
26.67474,-7.128906
26.68938,-7.141113
26.70403,-7.043457
26.71868,-7.128906
26.73333,-7.116699
26.74798,-7.104492
26.76263,-7.043457
26.77728,-7.116699
26.79192,-7.092285
26.80657,-7.092285
26.82122,-7.055664
26.83587,-7.116699
26.85052,-7.055664
26.86517,-7.116699
26.87981,-7.104492
26.89446,-7.128906
26.90911,-7.104492
26.92376,-7.092285
26.93841,-7.141113
26.95306,-7.104492
26.9677,-7.116699
26.98235,-7.067871
26.997,-7.116699
27.01165,-7.092285
27.0263,-7.104492
27.04095,-7.128906
27.0556,-7.092285
27.07024,-7.15332
27.08489,-7.128906
27.09954,-7.165527
27.11419,-7.092285
27.12884,-7.116699
27.14349,-7.116699
27.15813,-7.116699
27.17278,-7.128906
27.18743,-7.128906
27.20208,-7.092285
27.21673,-7.092285
27.23138,-7.104492
27.24603,-7.116699
27.26067,-7.043457
27.27532,-7.116699
27.28997,-7.141113
27.30462,-7.104492
27.31927,-7.104492
27.33392,-7.15332
27.34856,-7.141113
27.36321,-7.067871
27.37786,-7.104492
27.39251,-7.067871
27.40716,-7.067871
27.4218,-7.116699
27.43645,-7.104492
27.4511,-7.104492
27.46575,-7.104492
27.4804,-7.116699
27.49505,-7.104492
27.5097,-7.165527
27.52434,-7.104492
27.53899,-7.116699
27.55364,-7.067871
27.56829,-7.177734
27.58294,-7.128906
27.59759,-7.067871
27.61223,-7.116699
27.62688,-7.092285
27.64153,-7.116699
27.65618,-7.116699
27.67083,-7.055664
27.68548,-7.104492
27.70012,-7.116699
27.71477,-7.116699
27.72942,-7.141113
27.74407,-7.092285
27.75872,-7.165527
27.77337,-7.116699
27.78802,-7.067871
27.80266,-7.116699
27.81731,-7.128906
27.83196,-7.104492
27.84661,-7.15332
27.86126,-7.128906
27.87591,-7.15332
27.89055,-7.067871
27.9052,-7.092285
27.91985,-7.128906
27.9345,-7.116699
27.94915,-7.165527
27.9638,-7.092285
27.97845,-7.165527
27.99309,-7.141113
28.00774,-7.104492
28.02239,-7.092285
28.03704,-7.116699
28.05169,-7.116699
28.06634,-7.116699
28.08098,-7.092285
28.09563,-7.104492
28.11028,-7.116699
28.12493,-7.104492
28.13958,-7.092285
28.15422,-7.128906
28.16887,-7.092285
28.18352,-7.067871
28.19817,-7.15332
28.21282,-7.092285
28.22747,-7.141113
28.24212,-7.092285
28.25676,-7.104492
28.27141,-7.15332
28.28606,-7.104492
28.30071,-7.116699
28.31536,-7.104492
28.33001,-7.15332
28.34465,-7.165527
28.3593,-7.15332
28.37395,-7.141113
28.3886,-7.141113
28.40325,-7.15332
28.4179,-7.128906
28.43254,-7.104492
28.44719,-7.116699
28.46184,-7.116699
28.47649,-7.104492
28.49114,-7.092285
28.50579,-7.128906
28.52044,-7.067871
28.53508,-7.165527
28.54973,-7.128906
28.56438,-7.104492
28.57903,-7.116699
28.59368,-7.104492
28.60833,-7.15332
28.62297,-7.055664
28.63762,-7.104492
28.65227,-7.128906
28.66692,-7.104492
28.68157,-7.141113
28.69622,-7.116699
28.71087,-7.067871
28.72551,-7.043457
28.74016,-7.141113
28.75481,-7.116699
28.76946,-7.165527
28.78411,-7.165527
28.79876,-7.165527
28.8134,-7.104492
28.82805,-7.116699
28.8427,-7.165527
28.85735,-7.116699
28.872,-7.141113
28.88664,-7.141113
28.90129,-7.128906
28.91594,-7.165527
28.93059,-7.092285
28.94524,-7.141113
28.95989,-7.141113
28.97453,-7.116699
28.98918,-7.15332
29.00383,-7.128906
29.01848,-7.177734
29.03313,-7.189941
29.04778,-7.15332
29.06243,-7.116699
29.07707,-7.177734
29.09172,-7.165527
29.10637,-7.116699
29.12102,-7.104492
29.13567,-7.141113
29.15032,-7.055664
29.16496,-7.165527
29.17961,-7.165527
29.19426,-7.067871
29.20891,-7.15332
29.22356,-7.128906
29.23821,-7.141113
29.25286,-7.067871
29.2675,-7.092285
29.28215,-7.116699
29.2968,-7.141113
29.31145,-7.116699
29.3261,-7.104492
29.34075,-7.116699
29.35539,-7.177734
29.37004,-7.116699
29.38469,-7.141113
29.39934,-7.141113
29.41399,-7.141113
29.42864,-7.165527
29.44328,-7.165527
29.45793,-7.165527
29.47258,-7.165527
29.48723,-7.141113
29.50188,-7.177734
29.51653,-7.177734
29.53118,-7.23877
29.54582,-7.141113
29.56047,-7.092285
29.57512,-7.092285
29.58977,-7.165527
29.60442,-7.104492
29.61907,-7.141113
29.63371,-7.092285
29.64836,-7.177734
29.66301,-7.116699
29.67766,-7.141113
29.69231,-7.177734
29.70695,-7.116699
29.7216,-7.067871
29.73625,-7.116699
29.7509,-7.141113
29.76555,-7.128906
29.7802,-7.128906
29.79485,-7.141113
29.80949,-7.15332
29.82414,-7.141113
29.83879,-7.116699
29.85344,-7.128906
29.86809,-7.165527
29.88274,-7.116699
29.89738,-7.092285
29.91203,-7.128906
29.92668,-7.092285
29.94133,-7.116699
29.95598,-7.128906
29.97063,-7.067871
29.98528,-7.128906