0,-6.953125
0.00043945,-6.948242
0.0008789,-6.948242
0.00131835,-6.970215
0.0017578,-6.982422
0.00219725,-6.962891
0.0026367,-6.962891
0.00307615,-6.972656
0.0035156,-6.958008
0.00395505,-6.950684
0.0043945,-6.950684
0.00483395,-6.962891
0.0052734,-6.955566
0.00571285,-6.962891
0.0061523,-6.967773
0.00659175,-6.965332
0.0070312,-6.950684
0.00747065,-6.962891
0.0079101,-6.945801
0.00834955,-6.977539
0.008789,-6.965332
0.00922845,-6.958008
0.0096679,-6.967773
0.01010735,-6.972656
0.0105468,-6.982422
0.01098625,-6.977539
0.0114257,-6.975098
0.01186515,-6.972656
0.0123046,-6.943359
0.01274405,-6.943359
0.0131835,-6.977539
0.01362295,-6.972656
0.0140624,-6.960449
0.01450185,-6.943359
0.0149413,-6.943359
0.01538075,-6.962891
0.0158202,-6.953125
0.01625965,-6.955566
0.0166991,-6.938477
0.01713855,-6.950684
0.017578,-6.948242
0.01801745,-6.940918
0.0184569,-6.965332
0.01889635,-6.945801
0.0193358,-6.960449
0.01977525,-6.940918
0.0202147,-6.943359
0.02065415,-6.970215
0.0210936,-6.965332
0.02153305,-6.987305
0.0219725,-6.975098
0.02241195,-6.982422
0.0228514,-6.965332
0.02329085,-6.965332
0.0237303,-6.943359
0.02416975,-6.970215
0.0246092,-6.916504
0.02504865,-6.960449
0.0254881,-6.962891
0.02592755,-6.943359
0.026367,-6.958008
0.02680645,-6.967773
0.0272459,-6.916504
0.02768535,-6.940918
0.0281248,-6.970215
0.02856425,-6.943359
0.0290037,-6.958008
0.02944315,-6.943359
0.0298826,-6.977539
0.03032205,-6.958008
0.0307615,-6.967773
0.03120095,-6.962891
0.0316404,-6.960449
0.03207985,-6.945801
0.0325193,-6.970215
0.03295875,-6.945801
0.0333982,-6.960449
0.03383765,-6.945801
0.0342771,-6.945801
0.03471655,-6.960449
0.035156,-6.955566
0.03559545,-6.960449
0.0360349,-6.945801
0.03647435,-6.960449
0.0369138,-6.936035
0.03735325,-6.938477
0.0377927,-6.970215
0.03823215,-6.936035
0.0386716,-6.960449
0.03911105,-6.948242
0.0395505,-6.958008
0.03998995,-6.958008
0.0404294,-6.977539
0.04086885,-6.948242
0.0413083,-6.948242
0.04174775,-6.950684
0.0421872,-6.953125
0.04262665,-6.960449
0.0430661,-6.975098
0.04350555,-6.962891
0.043945,-6.938477
0.04438445,-6.972656
0.0448239,-6.965332
0.04526335,-6.948242
0.0457028,-6.948242
0.04614225,-6.960449
0.0465817,-6.97998
0.04702115,-6.928711
0.0474606,-6.958008
0.04790005,-6.962891
0.0483395,-6.933594
0.04877895,-6.958008
0.0492184,-6.950684
0.04965785,-6.965332
0.0500973,-6.953125
0.05053675,-6.975098
0.0509762,-6.955566
0.05141565,-6.962891
0.0518551,-6.967773
0.05229455,-6.948242
0.052734,-6.972656
0.05317345,-6.940918
0.0536129,-6.977539
0.05405235,-6.940918
0.0544918,-6.967773
0.05493125,-6.953125
0.0553707,-6.955566
0.05581015,-6.948242
0.0562496,-6.960449
0.05668905,-6.940918
0.0571285,-6.943359
0.05756795,-6.945801
0.0580074,-6.950684
0.05844685,-6.943359
0.0588863,-6.967773
0.05932575,-6.955566
0.0597652,-6.938477
0.06020465,-6.965332
0.0606441,-6.948242
0.06108355,-6.943359
0.061523,-6.955566
0.06196245,-6.965332
0.0624019,-6.958008
0.06284135,-6.989746
0.0632808,-6.972656
0.06372025,-6.940918
0.0641597,-6.955566
0.06459915,-6.982422
0.0650386,-6.962891
0.06547805,-6.972656
0.0659175,-6.970215
0.06635695,-6.977539
0.0667964,-6.958008
0.06723585,-6.936035
0.0676753,-6.967773
0.06811475,-6.958008
0.0685542,-6.958008
0.06899365,-6.975098
0.0694331,-6.933594
0.06987255,-6.965332
0.070312,-6.965332
0.07075145,-6.940918
0.0711909,-6.972656
0.07163035,-6.97998
0.0720698,-6.921387
0.07250925,-6.965332
0.0729487,-6.97998
0.07338815,-6.97998
0.0738276,-6.943359
0.07426705,-6.943359
0.0747065,-6.960449
0.07514595,-6.953125
0.0755854,-6.987305
0.07602485,-6.962891
0.0764643,-6.965332
0.07690375,-6.967773
0.0773432,-6.955566
0.07778265,-6.960449
0.0782221,-6.938477
0.07866155,-6.933594
0.079101,-6.945801
0.07954045,-6.955566
0.0799799,-6.948242
0.08041935,-6.945801
0.0808588,-6.958008
0.08129825,-6.958008
0.0817377,-6.977539
0.08217715,-6.970215
0.0826166,-6.958008
0.08305605,-6.955566
0.0834955,-6.982422
0.08393495,-6.948242
0.0843744,-6.953125
0.08481385,-6.936035
0.0852533,-6.970215
0.08569275,-6.967773
0.0861322,-6.960449
0.08657165,-6.960449
0.0870111,-6.933594
0.08745055,-6.960449
0.08789,-6.955566
0.08832945,-6.97998
0.0887689,-6.933594
0.08920835,-6.940918
0.0896478,-6.962891
0.09008725,-6.972656
0.0905267,-6.950684
0.09096615,-6.953125
0.0914056,-6.982422
0.09184505,-6.950684
0.0922845,-6.945801
0.09272395,-6.953125
0.0931634,-6.984863
0.09360285,-6.958008
0.0940423,-6.943359
0.09448175,-6.936035
0.0949212,-6.948242
0.09536065,-6.953125
0.0958001,-6.960449
0.09623955,-6.962891
0.096679,-6.955566
0.09711845,-6.943359
0.0975579,-6.955566
0.09799735,-6.958008
0.0984368,-6.938477
0.09887625,-6.923828
0.0993157,-6.950684
0.09975515,-5.637207
0.1001946,-1.394043
0.1006341,-0.7495117
0.1010735,-0.3222656
0.1015129,0.1269531
0.1019524,0.5322266
0.1023918,0.8959961
0.1028313,1.218262
0.1032707,1.572266
0.1037102,1.865234
0.1041496,2.197266
0.1045891,2.519531
0.1050285,2.817383
0.105468,3.129883
0.1059074,3.405762
0.1063469,3.684082
0.1067863,3.981934
0.1072258,4.277344
0.1076652,4.54834
0.1081047,4.797363
0.1085441,5.083008
0.1089836,5.339355
0.109423,5.627441
0.1098625,5.852051
0.1103019,6.105957
0.1107414,6.379395
0.1111808,6.621094
0.1116203,6.862793
0.1120597,7.131348
0.1124992,7.37793
0.1129386,7.624512
0.1133781,7.849121
0.1138176,8.098145
0.114257,8.359375
0.1146965,8.598633
0.1151359,8.820801
0.1155754,9.050293
0.1160148,9.289551
0.1164543,9.521484
0.1168937,9.770508
0.1173332,9.995117
0.1177726,10.20752
0.1182121,10.43945
0.1186515,10.66162
0.119091,10.90576
0.1195304,11.12061
0.1199699,11.32324
0.1204093,11.54785
0.1208488,11.75781
0.1212882,11.99463
0.1217277,12.20215
0.1221671,12.42676
0.1226066,12.60498
0.123046,12.84424
0.1234855,13.0542
0.1239249,13.27881
0.1243643,13.49121
0.1248038,13.68408
0.1252432,13.88184
0.1256827,14.10156
0.1261221,14.31641
0.1265616,14.52393
0.127001,14.72168
0.1274405,14.91943
0.1278799,15.15869
0.1283194,15.3418
0.1287588,15.5249
0.1291983,15.72754
0.1296377,15.92773
0.1300772,16.10107
0.1305166,16.31104
0.1309561,16.50146
0.1313955,16.67969
0.131835,16.89941
0.1322744,17.10938
0.1327139,17.23877
0.1331533,17.48779
0.1335928,17.64648
0.1340322,17.86377
0.1344717,18.0542
0.1349111,18.23242
0.1353506,18.40332
0.1357901,18.5791
0.1362295,18.79639
0.136669,18.97705
0.1371084,19.16504
0.1375479,19.33838
0.1379873,19.52881
0.1384268,19.70947
0.1388662,19.89014
0.1393057,20.04883
0.1397451,20.25146
0.1401846,20.41748
0.140624,20.5835
0.1410635,20.77148
0.1415029,20.94482
0.1419424,21.11084
0.1423818,21.31592
0.1428213,21.4624
0.1432607,21.64307
0.1437002,21.84082
0.1441396,22.00439
0.1445791,22.17041
0.1450185,22.32178
0.145458,22.48779
0.1458974,22.65625
0.1463369,22.85156
0.1467763,23.02734
0.1472158,23.20313
0.1476552,23.3374
0.1480947,23.51563
0.1485341,23.66455
0.1489736,23.84521
0.149413,23.98438
0.1498525,24.16504
0.1502919,24.3457
0.1507314,24.50684
0.1511708,24.646
0.1516103,24.83887
0.1520497,24.98047
0.1524892,25.13672
0.1529286,25.29297
0.1533681,25.46143
0.1538075,25.61035
0.154247,25.78613
0.1546864,25.93994
0.1551259,26.08643
0.1555653,26.24512
0.1560048,26.38916
0.1564442,26.56006
0.1568837,26.70898
0.1573231,26.86523
0.1577625,27.0166
0.158202,27.1875
0.1586414,27.32422
0.1590809,27.48291
0.1595203,27.62451
0.1599598,27.80029
0.1603992,27.93457
0.1608387,28.10303
0.1612781,28.22266
0.1617176,28.36182
0.162157,28.52051
0.1625965,28.6499
0.1630359,28.80615
0.1634754,28.97949
0.1639148,29.12598
0.1643543,29.25537
0.1647937,29.40918
0.1652332,29.55566
0.1656726,29.72168
0.1661121,29.83887
0.1665515,29.97803
0.166991,30.13916
0.1674304,30.25879
0.1678699,30.41504
0.1683093,30.54443
0.1687488,30.69824
0.1691882,30.81787
0.1696277,30.97412
0.1700671,31.11572
0.1705066,31.25244
0.170946,31.39648
0.1713855,31.55029
0.1718249,31.65527
0.1722644,31.78467
0.1727038,31.92139
0.1731433,32.05322
0.1735827,32.22168
0.1740222,32.33154
0.1744616,32.48047
0.1749011,32.62207
0.1753405,32.7417
0.17578,32.86621
0.1762194,33.00293
0.1766589,33.16895
0.1770983,33.30078
0.1775378,33.43262
0.1779772,33.55957
0.1784167,33.65723
0.1788561,33.80615
0.1792956,33.93311
0.179735,34.06006
0.1801745,34.20654
0.1806139,34.32129
0.1810534,34.45801
0.1814929,34.56543
0.1819323,34.6875
0.1823718,34.83398
0.1828112,34.94141
0.1832507,35.07813
0.1836901,35.22217
0.1841296,35.3418
0.184569,35.4541
0.1850085,35.56641
0.1854479,35.71533
0.1858874,35.83252
0.1863268,35.94971
0.1867663,36.09619
0.1872057,36.21582
0.1876452,36.34277
0.1880846,36.45752
0.1885241,36.57471
0.1889635,36.70898
0.189403,36.80908
0.1898424,36.92627
0.1902819,37.0459
0.1907213,37.17773
0.1911608,37.30469
0.1916002,37.41699
0.1920397,37.55371
0.1924791,37.66357
0.1929186,37.77344
0.193358,37.89063
0.1937975,38.01025
0.1942369,38.12744
0.1946764,38.2666
0.1951158,38.33984
0.1955553,38.47168
0.1959947,38.59619
0.1964342,38.69873
0.1968736,38.84033
0.1973131,38.93555
0.1977525,39.05518
0.198192,39.19678
0.1986314,39.27734
0.1990709,39.40186
0.1995103,39.47754
0.1999498,39.62402
0.2003892,39.75098
0.2008287,39.81689
0.2012681,39.9585
0.2017076,40.0708
0.202147,40.15869
0.2025864,40.25879
0.2030259,40.38086
0.2034653,40.5127
0.2039048,40.64697
0.2043442,40.73975
0.2047837,40.84229
0.2052231,40.9375
0.2056626,41.05957
0.206102,41.18408
0.2065415,41.28906
0.2069809,41.38672
0.2074204,41.47705
0.2078598,41.62109
0.2082993,41.69922
0.2087387,41.80176
0.2091782,41.92139
0.2096176,42.05811
0.2100571,42.13623
0.2104965,42.21924
0.210936,42.33643
0.2113754,42.43896
0.2118149,42.55615
0.2122543,42.65381
0.2126938,42.73193
0.2131332,42.83447
0.2135727,42.97119
0.2140121,43.0835
0.2144516,43.17871
0.214891,43.2666
0.2153305,43.35205
0.2157699,43.46191
0.2162094,43.59619
0.2166488,43.68652
0.2170883,43.78418
0.2175277,43.87451
0.2179672,44.00391
0.2184066,44.09912
0.2188461,44.18945
0.2192855,44.27246
0.219725,44.38721
0.2201644,44.47998
0.2206039,44.57764
0.2210433,44.67285
0.2214828,44.73633
0.2219222,44.85107
0.2223617,44.9585
0.2228011,45.0293
0.2232406,45.13916
0.22368,45.25635
0.2241195,45.34912
0.2245589,45.43457
0.2249984,45.55176
0.2254378,45.63477
0.2258773,45.73486
0.2263168,45.82275
0.2267562,45.92041
0.2271957,46.04004
0.2276351,46.10352
0.2280746,46.20605
0.228514,46.29883
0.2289535,46.39648
0.2293929,46.48682
0.2298324,46.57227
0.2302718,46.66504
0.2307113,46.76514
0.2311507,46.83838
0.2315902,46.93848
0.2320296,47.05322
0.2324691,47.13379
0.2329085,47.20703
0.233348,47.30225
0.2337874,47.3999
0.2342269,47.49023
0.2346663,47.59277
0.2351058,47.64648
0.2355452,47.7417
0.2359847,47.85156
0.2364241,47.94189
0.2368636,48.02979
0.237303,48.12988
0.2377425,48.19092
0.2381819,48.30811
0.2386214,48.38135
0.2390608,48.47168
0.2395003,48.55957
0.2399397,48.63037
0.2403792,48.71582
0.2408186,48.81592
0.2412581,48.92334
0.2416975,48.98438
0.242137,49.04785
0.2425764,49.14063
0.2430159,49.23096
0.2434553,49.32373
0.2438948,49.43604
0.2443342,49.50684
0.2447737,49.58496
0.2452131,49.68506
0.2456526,49.73633
0.246092,49.81934
0.2465315,49.93164
0.2469709,50.03174
0.2474104,50.12451
0.2478498,50.19287
0.2482892,50.25146
0.2487287,50.32471
0.2491681,50.39795
0.2496076,50.5127
0.2500471,50.58105
0.2504865,50.6665
0.250926,50.74219
0.2513654,50.81787
0.2518049,50.92041
0.2522443,50.99121
0.2526838,51.04736
0.2531232,51.14258
0.2535627,51.20361
0.2540021,51.31836
0.2544416,51.38916
0.254881,51.45996
0.2553205,51.55518
0.2557599,51.61865
0.2561994,51.73584
0.2566388,51.76758
0.2570783,51.88965
0.2575177,51.94336
0.2579572,52.02393
0.2583966,52.10205
0.2588361,52.17041
0.2592755,52.25342
0.259715,52.34131
0.2601544,52.3877
0.2605939,52.49023
0.2610333,52.56592
0.2614728,52.6123
0.2619122,52.69775
0.2623517,52.77832
0.2627911,52.82471
0.2632306,52.9248
0.26367,53.00537
0.2641095,53.07861
0.2645489,53.13965
0.2649884,53.21533
0.2654278,53.30322
0.2658673,53.37891
0.2663067,53.45947
0.2667462,53.56689
0.2671856,53.60596
0.2676251,53.6792
0.2680645,53.75977
0.268504,53.83789
0.2689434,53.8916
0.2693829,53.96729
0.2698223,54.04053
0.2702617,54.104
0.2707012,54.17236
0.2711406,54.25293
0.2715801,54.32617
0.2720195,54.40918
0.272459,54.47266
0.2728984,54.50928
0.2733379,54.6167
0.2737773,54.69482
0.2742168,54.78027
0.2746562,54.83398
0.2750957,54.88281
0.2755351,54.96094
0.2759746,55.04639
0.276414,55.12451
0.2768535,55.17822
0.2772929,55.25391
0.2777324,55.32959
0.2781718,55.38574
0.2786113,55.47852
0.2790507,55.5127
0.2794902,55.60303
0.2799296,55.67383
0.2803691,55.72266
0.2808085,55.80811
0.281248,55.8667
0.2816874,55.93262
0.2821269,56.02539
0.2825663,56.06201
0.2830058,56.13037
0.2834452,56.19873
0.2838847,56.31104
0.2843241,56.32813
0.2847636,56.41357
0.285203,56.47217
0.2856425,56.55762
0.2860819,56.61865
0.2865214,56.68945
0.2869608,56.75781
0.2874003,56.8042
0.2878397,56.88965
0.2882792,56.93359
0.2887186,56.99707
0.2891581,57.05078
0.2895975,57.13379
0.290037,57.1875
0.2904764,57.27051
0.2909159,57.30469
0.2913553,57.36328
0.2917948,57.43408
0.2922342,57.52441
0.2926737,57.54639
0.2931131,57.64404
0.2935526,57.68066
0.293992,57.75391
0.2944315,57.79785
0.2948709,57.88574
0.2953104,57.95166
0.2957498,58.01514
0.2961893,58.09082
0.2966287,58.12988
0.2970682,58.20801
0.2975076,58.26904
0.2979471,58.33252
0.2983865,58.39355
0.298826,58.45215
0.2992654,58.49365
0.2997049,58.55713
0.3001443,58.62793
0.3005838,58.68896
0.3010232,58.75977
0.3014627,58.81836
0.3019021,58.84521
0.3023416,58.92578
0.302781,58.96484
0.3032205,59.04541
0.3036599,59.104
0.3040994,59.15283
0.3045388,59.2041
0.3049783,59.28711
0.3054177,59.34326
0.3058572,59.39209
0.3062966,59.44092
0.3067361,59.5166
0.3071755,59.58008
0.307615,59.63135
0.3080544,59.70459
0.3084939,59.77051
0.3089333,59.83154
0.3093728,59.86816
0.3098122,59.91455
0.3102517,59.97803
0.3106911,60.0293
0.3111306,60.10254
0.31157,60.1416
0.3120095,60.22217
0.3124489,60.24414
0.3128884,60.30518
0.3133278,60.37598
0.3137673,60.4126
0.3142067,60.47852
0.3146462,60.52979
0.3150856,60.60303
0.3155251,60.65674
0.3159645,60.69336
0.316404,60.76416
0.3168435,60.83008
0.3172829,60.90332
0.3177224,60.92285
0.3181618,60.96924
0.3186013,61.04248
0.3190407,61.08887
0.3194802,61.11084
0.3199196,61.19629
0.3203591,61.26465
0.3207985,61.31104
0.321238,61.35498
0.3216774,61.38184
0.3221169,61.44531
0.3225563,61.48438
0.3229958,61.55762
0.3234352,61.61377
0.3238747,61.69434
0.3243141,61.74805
0.3247536,61.7749
0.325193,61.82617
0.3256325,61.875
0.3260719,61.93604
0.3265114,62.00684
0.3269508,62.04346
0.3273903,62.09473
0.3278297,62.15576
0.3282692,62.20215
0.3287086,62.25586
0.3291481,62.29492
0.3295875,62.36084
0.330027,62.41211
0.3304664,62.45361
0.3309059,62.49023
0.3313453,62.56836
0.3317848,62.60742
0.3322242,62.66602
0.3326637,62.69043
0.3331031,62.75146
0.3335426,62.8125
0.333982,62.85645
0.3344215,62.89795
0.3348609,62.94189
0.3353004,63.00537
0.3357398,63.04199
0.3361793,63.07861
0.3366187,63.14941
0.3370582,63.21045
0.3374976,63.25195
0.3379371,63.30566
0.3383765,63.35693
0.338816,63.41309
0.3392554,63.45459
0.3396949,63.49121
0.3401343,63.5498
0.3405738,63.59619
0.3410132,63.62549
0.3414527,63.68896
0.3418921,63.72559
0.3423316,63.78174
0.342771,63.76953
0.3432105,63.87207
0.3436499,63.93799
0.3440894,63.96729
0.3445288,64.00879
0.3449683,64.06982
0.3454077,64.09668
0.3458472,64.16016
0.3462866,64.19189
0.3467261,64.28467
0.3471655,64.27246
0.347605,64.31641
0.3480444,64.38721
0.3484839,64.43604
0.3489233,64.46777
0.3493628,64.5166
0.3498022,64.55322
0.3502417,64.63135
0.3506811,64.65088
0.3511206,64.71191
0.35156,64.73877
0.3519995,64.7876
0.3524389,64.83398
0.3528784,64.86328
0.3533178,64.92188
0.3537573,64.99023
0.3541967,65.02441
0.3546362,65.03418
0.3550756,65.1001
0.3555151,65.13672
0.3559545,65.19043
0.356394,65.2124
0.3568334,65.2832
0.3572729,65.32227
0.3577123,65.37354
0.3581518,65.4126
0.3585912,65.44434
0.3590307,65.52246
0.3594701,65.52979
0.3599096,65.55908
0.360349,65.62012
0.3607884,65.64209
0.3612279,65.71045
0.3616673,65.72754
0.3621068,65.78857
0.3625462,65.83252
0.3629857,65.86426
0.3634251,65.91309
0.3638646,65.97412
0.364304,65.98877
0.3647435,66.04736
0.3651829,66.06934
0.3656224,66.10107
0.3660618,66.14014
0.3665013,66.19385
0.3669407,66.24512
0.3673802,66.28174
0.3678196,66.33057
0.3682591,66.36719
0.3686985,66.40381
0.369138,66.42822
0.3695774,66.48682
0.3700169,66.51855
0.3704563,66.55273
0.3708958,66.604
0.3713352,66.62842
0.3717747,66.70166
0.3722141,66.72119
0.3726536,66.75537
0.373093,66.8042
0.3735325,66.85059
0.3739719,66.86035
0.3744114,66.90674
0.3748508,66.95557
0.3752903,66.9873
0.3757297,67.03125
0.3761692,67.08008
0.3766086,67.12158
0.3770481,67.15332
0.3774875,67.19971
0.377927,67.26074
0.3783664,67.28271
0.3788059,67.30469
0.3792453,67.36084
0.3796848,67.39014
0.3801242,67.41455
0.3805637,67.45361
0.3810031,67.50977
0.3814426,67.55859
0.381882,67.56592
0.3823215,67.61963
0.3827609,67.62451
0.3832004,67.68066
0.3836398,67.7124
0.3840793,67.76855
0.3845187,67.80273
0.3849582,67.83203
0.3853976,67.83447
0.3858371,67.90039
0.3862765,67.93213
0.386716,68.00293
0.3871554,68.01514
0.3875949,68.04443
0.3880343,68.0957
0.3884738,68.10303
0.3889132,68.15674
0.3893527,68.20313
0.3897921,68.1958
0.3902316,68.25928
0.390671,68.28857
0.3911105,68.33252
0.3915499,68.36426
0.3919894,68.38379
0.3924288,68.43018
0.3928683,68.44238
0.3933077,68.52295
0.3937472,68.54492
0.3941866,68.57666
0.3946261,68.62549
0.3950655,68.64502
0.395505,68.68652
0.3959444,68.72803
0.3963839,68.76221
0.3968233,68.80127
0.3972628,68.83301
0.3977022,68.86719
0.3981417,68.8916
0.3985811,68.91846
0.3990206,68.96973
0.39946,68.99414
0.3998995,69.00879
0.4003389,69.06494
0.4007784,69.07959
0.4012178,69.12598
0.4016573,69.1333
0.4020967,69.17725
0.4025362,69.18945
0.4029756,69.22852
0.4034151,69.2749
0.4038545,69.32373
0.404294,69.33594
0.4047334,69.40186
0.4051729,69.41895
0.4056123,69.43359
0.4060518,69.47998
0.4064912,69.50928
0.4069307,69.56055
0.4073702,69.59473
0.4078096,69.63379
0.4082491,69.65088
0.4086885,69.65332
0.409128,69.72656
0.4095674,69.75586
0.4100069,69.75586
0.4104463,69.81201
0.4108858,69.8291
0.4113252,69.86572
0.4117647,69.90479
0.4122041,69.9292
0.4126436,69.94873
0.413083,69.99023
0.4135225,70.03174
0.4139619,70.06348
0.4144014,70.09033
0.4148408,70.11963
0.4152803,70.15381
0.4157197,70.15869
0.4161592,70.20508
0.4165986,70.24658
0.4170381,70.26855
0.4174775,70.31738
0.417917,70.33936
0.4183564,70.36621
0.4187959,70.37842
0.4192353,70.41748
0.4196748,70.46875
0.4201142,70.45898
0.4205537,70.50293
0.4209931,70.53223
0.4214326,70.56641
0.421872,70.60791
0.4223115,70.61035
0.4227509,70.625
0.4231904,70.67627
0.4236298,70.71289
0.4240693,70.73975
0.4245087,70.76904
0.4249482,70.76904
0.4253876,70.80566
0.4258271,70.8374
0.4262665,70.89111
0.426706,70.92285
0.4271454,70.96191
0.4275849,70.97412
0.4280243,70.99854
0.4284638,71.04248
0.4289032,71.05469
0.4293427,71.08154
0.4297821,71.12549
0.4302216,71.11816
0.430661,71.15723
0.4311005,71.19873
0.4315399,71.24268
0.4319794,71.27441
0.4324188,71.2793
0.4328583,71.31348
0.4332977,71.31836
0.4337372,71.36719
0.4341766,71.3916
0.4346161,71.42334
0.4350555,71.4502
0.435495,71.45996
0.4359344,71.50635
0.4363739,71.51123
0.4368133,71.57227
0.4372528,71.60156
0.4376922,71.61865
0.4381317,71.64551
0.4385711,71.67725
0.4390106,71.69189
0.43945,71.72852
0.4398895,71.74316
0.4403289,71.77002
0.4407684,71.78955
0.4412078,71.81396
0.4416473,71.82861
0.4420867,71.87744
0.4425262,71.89453
0.4429656,71.9043
0.4434051,71.93604
0.4438445,71.9873
0.444284,71.98242
0.4447234,72.04834
0.4451629,72.05078
0.4456023,72.05811
0.4460418,72.10938
0.4464812,72.10693
0.4469207,72.17529
0.4473601,72.17041
0.4477996,72.17529
0.448239,72.23145
0.4486785,72.25098
0.4491179,72.27539
0.4495574,72.29736
0.4499968,72.30713
0.4504362,72.33887
0.4508757,72.38281
0.4513151,72.3877
0.4517546,72.43408
0.452194,72.44873
0.4526335,72.45361
0.4530729,72.50244
0.4535124,72.51221
0.4539518,72.54639
0.4543913,72.59277
0.4548307,72.59766
0.4552702,72.62939
0.4557096,72.63428
0.4561491,72.68799
0.4565885,72.69775
0.457028,72.73193
0.4574674,72.771
0.4579069,72.76123
0.4583463,72.79785
0.4587858,72.82227
0.4592252,72.84912
0.4596647,72.86865
0.4601041,72.88086
0.4605436,72.90283
0.460983,72.93213
0.4614225,72.95898
0.4618619,72.98096
0.4623014,73.00781
0.4627408,72.99805
0.4631803,73.03711
0.4636197,73.08594
0.4640592,73.10059
0.4644986,73.11279
0.4649381,73.14697
0.4653775,73.15674
0.465817,73.14941
0.4662564,73.21777
0.4666959,73.24219
0.4671353,73.25439
0.4675748,73.27881
0.4680142,73.28857
0.4684537,73.31055
0.4688931,73.32764
0.4693326,73.35693
0.469772,73.35205
0.4702115,73.39111
0.4706509,73.42529
0.4710904,73.41553
0.4715298,73.44727
0.4719693,73.49854
0.4724087,73.51074
0.4728482,73.50586
0.4732876,73.55225
0.4737271,73.57666
0.4741665,73.62061
0.474606,73.62305
0.4750454,73.62549
0.4754849,73.66211
0.4759243,73.67676
0.4763638,73.71094
0.4768032,73.74512
0.4772427,73.77686
0.4776821,73.78906
0.4781216,73.78662
0.478561,73.82324
0.4790005,73.82568
0.4794399,73.85986
0.4798794,73.86475
0.4803188,73.89404
0.4807583,73.92822
0.4811977,73.91113
0.4816372,73.93555
0.4820766,73.96973
0.4825161,73.98193
0.4829555,73.98438
0.483395,74.00391
0.4838344,74.05762
0.4842739,74.04785
0.4847133,74.10645
0.4851528,74.10156
0.4855922,74.12842
0.4860317,74.15283
0.4864711,74.16992
0.4869106,74.18701
0.48735,74.21387
0.4877895,74.20166
0.4882289,74.24805
0.4886684,74.29199
0.4891078,74.31396
0.4895473,74.32617
0.4899867,74.31885
0.4904262,74.32617
0.4908656,74.36035
0.4913051,74.36035
0.4917445,74.43604
0.492184,74.42139
0.4926234,74.42627
0.4930629,74.47021
0.4935023,74.47998
0.4939418,74.48975
0.4943812,74.53125
0.4948207,74.53125
0.4952601,74.56055
0.4956996,74.57275
0.496139,74.6167
0.4965785,74.62402
0.4970179,74.63867
0.4974574,74.65332
0.4978969,74.66553
0.4983363,74.6875
0.4987758,74.70703
0.4992152,74.71191
0.4996547,74.74609
0.5000941,74.74609
0.5005335,74.7876
0.500973,74.79004
0.5014125,74.7998
0.5018519,74.82666
0.5022913,74.87061
0.5027308,74.83154
0.5031703,74.87549
0.5036097,74.89746
0.5040491,74.9292
0.5044886,74.96338
0.5049281,74.94873
0.5053675,74.96826
0.5058069,74.9585
0.5062464,74.99023
0.5066859,75.02197
0.5071253,75.05127
0.5075647,75.05859
0.5080042,75.06348
0.5084437,75.08545
0.5088831,75.11475
0.5093225,75.11963
0.509762,75.14893
0.5102015,75.15625
0.5106409,75.15625
0.5110803,75.2124
0.5115198,75.19531
0.5119593,75.23438
0.5123987,75.24414
0.5128381,75.2417
0.5132776,75.29541
0.5137171,75.26855
0.5141565,75.3125
0.5145959,75.31494
0.5150354,75.33691
0.5154749,75.35645
0.5159143,75.3833
0.5163537,75.39795
0.5167932,75.4248
0.5172327,75.43457
0.5176721,75.43457
0.5181115,75.46875
0.518551,75.47119
0.5189905,75.49805
0.5194299,75.51025
0.5198693,75.5127
0.5203088,75.53711
0.5207483,75.57129
0.5211877,75.59814
0.5216271,75.57861
0.5220666,75.57129
0.5225061,75.58594
0.5229455,75.60303
0.5233849,75.62988
0.5238244,75.65674
0.5242639,75.6665
0.5247033,75.70801
0.5251427,75.7251
0.5255822,75.70068
0.5260217,75.72998
0.5264611,75.72754
0.5269005,75.77881
0.52734,75.78125
0.5277795,75.76904
0.5282189,75.80566
0.5286583,75.82764
0.5290978,75.84473
0.5295373,75.87158
0.5299767,75.87891
0.5304161,75.88623
0.5308556,75.91064
0.5312951,75.92285
0.5317345,75.94971
0.5321739,75.95947
0.5326134,75.94727
0.5330529,75.95947
0.5334923,75.99121
0.5339317,76.00586
0.5343712,76.04004
0.5348107,76.04736
0.5352501,76.05713
0.5356895,76.05957
0.536129,76.08154
0.5365685,76.11572
0.5370079,76.11572
0.5374473,76.11816
0.5378868,76.17188
0.5383263,76.14502
0.5387657,76.16455
0.5392051,76.17432
0.5396446,76.21582
0.5400841,76.20605
0.5405235,76.2207
0.5409629,76.23047
0.5414024,76.25732
0.5418419,76.25
0.5422813,76.27197
0.5427207,76.25732
0.5431602,76.29883
0.5435997,76.33545
0.5440391,76.33301
0.5444785,76.34277
0.544918,76.36963
0.5453575,76.35986
0.5457969,76.38672
0.5462363,76.38428
0.5466758,76.43311
0.5471153,76.42334
0.5475547,76.44287
0.5479941,76.45996
0.5484336,76.47217
0.5488731,76.47705
0.5493125,76.4917
0.5497519,76.47461
0.5501914,76.52588
0.5506309,76.53564
0.5510703,76.54541
0.5515097,76.56006
0.5519492,76.5918
0.5523887,76.59668
0.5528281,76.56006
0.5532675,76.58936
0.553707,76.64795
0.5541465,76.64795
0.5545859,76.64551
0.5550253,76.65527
0.5554648,76.65039
0.5559043,76.69678
0.5563437,76.70166
0.5567831,76.73096
0.5572226,76.72119
0.5576621,76.74805
0.5581015,76.75293
0.5585409,76.76025
0.5589804,76.7749
0.5594199,76.77246
0.5598593,76.78955
0.5602987,76.80664
0.5607382,76.82129
0.5611777,76.79688
0.5616171,76.83594
0.5620565,76.8335
0.562496,76.84082
0.5629355,76.84326
0.5633749,76.875
0.5638143,76.90186
0.5642538,76.90918
0.5646933,76.92627
0.5651327,76.92627
0.5655721,76.92383
0.5660116,76.95557
0.5664511,76.9873
0.5668905,76.99707
0.5673299,76.97998
0.5677694,76.9873
0.5682089,77.0166
0.5686483,77.02637
0.5690877,77.03613
0.5695272,77.0459
0.5699667,77.05566
0.5704061,77.06543
0.5708455,77.06543
0.571285,77.08252
0.5717245,77.08984
0.5721639,77.10938
0.5726033,77.09961
0.5730428,77.12646
0.5734823,77.13623
0.5739217,77.16309
0.5743611,77.19727
0.5748006,77.19238
0.5752401,77.17773
0.5756795,77.17285
0.5761189,77.20947
0.5765584,77.21191
0.5769979,77.28027
0.5774373,77.24121
0.5778767,77.26318
0.5783162,77.26074
0.5787557,77.29248
0.5791951,77.2876
0.5796345,77.28516
0.580074,77.31201
0.5805135,77.31201
0.5809529,77.32178
0.5813923,77.33643
0.5818318,77.3291
0.5822713,77.34619
0.5827107,77.31934
0.5831501,77.35352
0.5835896,77.40234
0.5840291,77.40234
0.5844685,77.41455
0.5849079,77.40723
0.5853474,77.3999
0.5857868,77.43896
0.5862263,77.42188
0.5866657,77.49512
0.5871052,77.4707
0.5875446,77.47559
0.5879841,77.48291
0.5884236,77.50488
0.588863,77.49756
0.5893024,77.51953
0.5897419,77.51709
0.5901814,77.52197
0.5906208,77.53174
0.5910602,77.54395
0.5914997,77.56104
0.5919392,77.58789
0.5923786,77.58301
0.592818,77.57568
0.5932575,77.59277
0.593697,77.64893
0.5941364,77.6416
0.5945758,77.64404
0.5950153,77.66357
0.5954548,77.63672
0.5958942,77.68066
0.5963336,77.65137
0.5967731,77.7002
0.5972126,77.71729
0.597652,77.69775
0.5980914,77.69531
0.5985309,77.71484
0.5989704,77.72949
0.5994098,77.72949
0.5998492,77.74414
0.6002887,77.76611
0.6007282,77.75391
0.6011676,77.76855
0.601607,77.7417
0.6020465,77.79297
0.602486,77.77588
0.6029254,77.79541
0.6033648,77.79297
0.6038043,77.83691
0.6042438,77.81982
0.6046832,77.87842
0.6051226,77.854
0.6055621,77.86621
0.6060016,77.87598
0.606441,77.86621
0.6068804,77.89795
0.6073199,77.90039
0.6077594,77.87598
0.6081988,77.92725
0.6086382,77.90527
0.6090777,77.92969
0.6095172,77.93701
0.6099566,77.94434
0.610396,77.96387
0.6108355,77.95654
0.611275,77.97363
0.6117144,77.98584
0.6121538,77.98584
0.6125933,77.98096
0.6130328,78.00537
0.6134722,77.99561
0.6139116,78.02734
0.6143511,78.0542
0.6147906,78.05664
0.61523,78.07129
0.6156694,78.04199
0.6161089,78.06641
0.6165484,78.0835
0.6169878,78.07861
0.6174272,78.09326
0.6178667,78.11523
0.6183062,78.11768
0.6187456,78.10791
0.619185,78.13965
0.6196245,78.13965
0.620064,78.10303
0.6205034,78.09814
0.6209428,78.14209
0.6213823,78.16406
0.6218218,78.15186
0.6222612,78.17383
0.6227006,78.1665
0.6231401,78.17627
0.6235796,78.19092
0.624019,78.20557
0.6244584,78.21533
0.6248979,78.21045
0.6253374,78.20068
0.6257768,78.2373
0.6262162,78.23242
0.6266557,78.26416
0.6270952,78.28613
0.6275346,78.26416
0.627974,78.27393
0.6284135,78.26416
0.628853,78.26172
0.6292924,78.28125
0.6297318,78.31055
0.6301713,78.26904
0.6306108,78.30078
0.6310502,78.30566
0.6314896,78.33252
0.6319291,78.35449
0.6323686,78.33252
0.632808,78.32275
0.6332474,78.35205
0.6336869,78.34717
0.6341264,78.3667
0.6345658,78.38135
0.6350052,78.37891
0.6354447,78.35938
0.6358842,78.39111
0.6363236,78.4082
0.636763,78.41309
0.6372025,78.42285
0.637642,78.4082
0.6380814,78.44238
0.6385208,78.46191
0.6389603,78.42773
0.6393998,78.43018
0.6398392,78.44482
0.6402786,78.44482
0.6407181,78.46924
0.6411576,78.45215
0.641597,78.44238
0.6420364,78.47168
0.6424759,73.396
0.6429154,72.72461
0.6433548,72.19238
0.6437942,71.74805
0.6442337,71.34521
0.6446732,70.95459
0.6451126,70.57373
0.645552,70.24658
0.6459915,69.8999
0.646431,69.56055
0.6468704,69.24561
0.6473098,68.92334
0.6477493,68.61572
0.6481888,68.3374
0.6486282,68.04932
0.6490676,67.76367
0.6495071,67.48291
0.6499466,67.21191
0.650386,66.92139
0.6508254,66.64795
0.6512649,66.37451
0.6517044,66.11816
0.6521438,65.84717
0.6525832,65.57617
0.6530227,65.28809
0.6534622,65.05859
0.6539016,64.83887
0.654341,64.59229
0.6547805,64.31152
0.65522,64.05273
0.6556594,63.81592
0.6560988,63.58154
0.6565383,63.33252
0.6569778,63.11035
0.6574172,62.84668
0.6578566,62.59521
0.6582961,62.37793
0.6587356,62.1582
0.659175,61.90918
0.6596144,61.66748
0.6600539,61.40869
0.6604934,61.22559
0.6609328,60.98633
0.6613722,60.75928
0.6618117,60.54199
0.6622512,60.31982
0.6626906,60.06348
0.66313,59.86572
0.6635695,59.65576
0.664009,59.44824
0.6644484,59.21631
0.6648878,59.00391
0.6653273,58.77441
0.6657668,58.5791
0.6662062,58.34961
0.6666456,58.14209
0.6670851,57.95898
0.6675246,57.7417
0.667964,57.53662
0.6684034,57.30957
0.6688429,57.12158
0.6692824,56.90674
0.6697218,56.7041
0.6701612,56.49414
0.6706007,56.2915
0.6710402,56.10107
0.6714796,55.90088
0.671919,55.69336
0.6723585,55.50049
0.672798,55.26855
0.6732374,55.10986
0.6736768,54.92432
0.6741163,54.74365
0.6745558,54.52637
0.6749952,54.34814
0.6754346,54.13086
0.6758741,53.93799
0.6763135,53.76953
0.676753,53.5791
0.6771924,53.40332
0.6776319,53.20313
0.6780713,53.03467
0.6785108,52.82959
0.6789503,52.65381
0.6793897,52.45605
0.6798291,52.25342
0.6802686,52.0752
0.6807081,51.93848
0.6811475,51.73584
0.6815869,51.51855
0.6820264,51.35498
0.6824659,51.17188
0.6829053,50.98389
0.6833447,50.83496
0.6837842,50.67871
0.6842237,50.47607
0.6846631,50.32471
0.6851025,50.12207
0.685542,49.95605
0.6859815,49.77295
0.6864209,49.59473
0.6868603,49.45068
0.6872998,49.30176
0.6877393,49.08936
0.6881787,48.93066
0.6886181,48.76465
0.6890576,48.58887
0.6894971,48.44482
0.6899365,48.26416
0.6903759,48.0835
0.6908154,47.92725
0.6912549,47.76855
0.6916943,47.58545
0.6921337,47.42432
0.6925732,47.2876
0.6930127,47.10205
0.6934521,46.92139
0.6938915,46.79443
0.694331,46.63818
0.6947705,46.46484
0.6952099,46.31836
0.6956493,46.14502
0.6960888,45.98389
0.6965283,45.83252
0.6969677,45.67139
0.6974071,45.5542
0.6978466,45.38574
0.6982861,45.21484
0.6987255,45.06104
0.6991649,44.8877
0.6996044,44.74365
0.7000439,44.58496
0.7004833,44.42871
0.7009227,44.28711
0.7013622,44.15039
0.7018017,44.01367
0.7022411,43.83789
0.7026805,43.66455
0.70312,43.52539
0.7035595,43.38379
0.7039989,43.24707
0.7044383,43.10059
0.7048778,42.93457
0.7053173,42.77588
0.7057567,42.62939
0.7061961,42.50977
0.7066356,42.35107
0.7070751,42.23389
0.7075145,42.06299
0.7079539,41.95313
0.7083934,41.77734
0.7088329,41.65283
0.7092723,41.48193
0.7097117,41.34277
0.7101512,41.2207
0.7105907,41.07666
0.7110301,40.91553
0.7114695,40.78125
0.711909,40.68115
0.7123485,40.51514
0.7127879,40.354
0.7132273,40.23926
0.7136668,40.10742
0.7141063,39.98291
0.7145457,39.83887
0.7149851,39.68994
0.7154246,39.55566
0.7158641,39.43848
0.7163035,39.28711
0.7167429,39.16504
0.7171824,39.01855
0.7176219,38.88428
0.7180613,38.75732
0.7185007,38.61328
0.7189402,38.51074
0.7193797,38.34229
0.7198191,38.21533
0.7202585,38.10791
0.720698,37.96631
0.7211375,37.81982
0.7215769,37.69043
0.7220163,37.59521
0.7224558,37.44141
0.7228953,37.30713
0.7233347,37.19727
0.7237741,37.05566
0.7242136,36.93604
0.7246531,36.83105
0.7250925,36.68213
0.7255319,36.54785
0.7259714,36.41113
0.7264109,36.30615
0.7268503,36.17432
0.7272897,36.0791
0.7277292,35.93506
0.7281687,35.81787
0.7286081,35.72266
0.7290475,35.57861
0.729487,35.45898
0.7299265,35.3125
0.7303659,35.23193
0.7308053,35.08301
0.7312448,34.97314
0.7316843,34.83398
0.7321237,34.73145
0.7325631,34.60205
0.7330026,34.46533
0.7334421,34.34082
0.7338815,34.20654
0.7343209,34.12598
0.7347604,34.02588
0.7351999,33.8916
0.7356393,33.76465
0.7360787,33.66211
0.7365182,33.53516
0.7369577,33.45215
0.7373971,33.33008
0.7378365,33.20068
0.738276,33.0957
0.7387155,32.98584
0.7391549,32.87842
0.7395943,32.72949
0.7400338,32.63428
0.7404733,32.54395
0.7409127,32.39502
0.7413521,32.29736
0.7417916,32.16797
0.7422311,32.06055
0.7426705,31.96289
0.7431099,31.82617
0.7435494,31.72852
0.7439889,31.63574
0.7444283,31.53076
0.7448677,31.40381
0.7453072,31.28906
0.7457467,31.18164
0.7461861,31.04004
0.7466255,30.98389
0.747065,30.87891
0.7475045,30.74951
0.7479439,30.64941
0.7483833,30.54443
0.7488228,30.42725
0.7492623,30.31738
0.7497017,30.21484
0.7501411,30.1123
0.7505806,30.01221
0.7510201,29.90723
0.7514595,29.7876
0.7518989,29.71191
0.7523384,29.59473
0.7527779,29.45557
0.7532173,29.4043
0.7536567,29.27734
0.7540962,29.16504
0.7545357,29.0625
0.7549751,28.95752
0.7554145,28.85986
0.755854,28.7793
0.7562935,28.6499
0.7567329,28.56445
0.7571723,28.45459
0.7576118,28.3667
0.7580513,28.2666
0.7584907,28.16162
0.7589301,28.05176
0.7593696,27.98584
0.7598091,27.87842
0.7602485,27.75635
0.7606879,27.66846
0.7611274,27.56104
0.7615669,27.45361
0.7620063,27.34619
0.7624457,27.24609
0.7628852,27.1582
0.7633247,27.08008
0.7637641,27.00684
0.7642035,26.88965
0.764643,26.81885
0.7650824,26.68213
0.7655219,26.604
0.7659613,26.521
0.7664008,26.4209
0.7668402,26.3208
0.7672797,26.22803
0.7677191,26.13037
0.7681586,26.03271
0.768598,25.94238
0.7690375,25.8374
0.769477,25.7666
0.7699164,25.67871
0.7703558,25.56885
0.7707953,25.47363
0.7712348,25.38818
0.7716742,25.29297
0.7721136,25.20264
0.7725531,25.10254
0.7729926,25.01953
0.773432,24.92676
0.7738714,24.84375
0.7743109,24.76074
0.7747504,24.6582
0.7751898,24.57275
0.7756292,24.48975
0.7760687,24.40186
0.7765082,24.31641
0.7769476,24.23828
0.777387,24.13086
0.7778265,24.0625
0.778266,23.97217
0.7787054,23.86475
0.7791448,23.79395
0.7795843,23.69385
0.7800238,23.59375
0.7804632,23.52295
0.7809026,23.4375
0.7813421,23.34717
0.7817816,23.25928
0.782221,23.20313
0.7826604,23.10303
0.7830999,22.98828
0.7835394,22.94922
0.7839788,22.854
0.7844182,22.76855
0.7848577,22.7002
0.7852972,22.56836
0.7857366,22.51709
0.786176,22.44385
0.7866155,22.33398
0.787055,22.27539
0.7874944,22.16309
0.7879338,22.08008
0.7883733,22.02637
0.7888128,21.91406
0.7892522,21.85791
0.7896916,21.75049
0.7901311,21.68701
0.7905706,21.62109
0.79101,21.50635
0.7914494,21.4209
0.7918889,21.3623
0.7923284,21.28174
0.7927678,21.17676
0.7932072,21.11328
0.7936467,21.04248
0.7940862,20.95703
0.7945256,20.896
0.794965,20.80566
0.7954045,20.70801
0.795844,20.64697
0.7962834,20.56885
0.7967228,20.50049
0.7971623,20.43701
0.7976018,20.33936
0.7980412,20.26123
0.7984806,20.20996
0.7989201,20.13916
0.7993596,20.01953
0.799799,19.94141
0.8002384,19.89502
0.8006779,19.80957
0.8011174,19.72412
0.8015568,19.63867
0.8019962,19.5752
0.8024357,19.49463
0.8028752,19.41895
0.8033146,19.33105
0.803754,19.28955
0.8041935,19.18945
0.804633,19.14795
0.8050724,19.05273
0.8055118,18.97705
0.8059513,18.90869
0.8063908,18.82324
0.8068302,18.75977
0.8072696,18.7085
0.8077091,18.61328
0.8081486,18.55957
0.808588,18.47656
0.8090274,18.396
0.8094669,18.34473
0.8099064,18.24707
0.8103458,18.16162
0.8107852,18.11279
0.8112247,18.02246
0.8116642,17.9834
0.8121036,17.90039
0.812543,17.80029
0.8129825,17.74414
0.813422,17.69775
0.8138614,17.62695
0.8143008,17.53662
0.8147403,17.47559
0.8151798,17.41455
0.8156192,17.34375
0.8160586,17.2876
0.8164981,17.20459
0.8169376,17.1582
0.817377,17.06543
0.8178164,17.00439
0.8182559,16.95068
0.8186954,16.875
0.8191348,16.81641
0.8195742,16.72607
0.8200137,16.65771
0.8204532,16.61377
0.8208926,16.521
0.821332,16.46973
0.8217715,16.38916
0.822211,16.30859
0.8226504,16.22559
0.8230898,16.17432
0.8235293,16.14258
0.8239688,16.09375
0.8244082,16.01318
0.8248476,15.92041
0.8252871,15.84961
0.8257266,15.7959
0.826166,15.73486
0.8266054,15.66406
0.8270449,15.62012
0.8274844,15.53711
0.8279238,15.4834
0.8283632,15.40771
0.8288027,15.34424
0.8292422,15.29785
0.8296816,15.18555
0.830121,15.14404
0.8305605,15.10254
0.831,15.03906
0.8314394,14.9585
0.8318788,14.91943
0.8323183,14.84131
0.8327578,14.77051
0.8331972,14.71191
0.8336366,14.67529
0.8340761,14.59717
0.8345156,14.5459
0.834955,14.46533
0.8353944,14.40918
0.8358339,14.35059
0.8362734,14.28955
0.8367128,14.24316
0.8371522,14.18701
0.8375917,14.11621
0.8380312,14.06006
0.8384706,14.00146
0.83891,13.9209
0.8393495,13.85986
0.839789,13.84033
0.8402284,13.73779
0.8406678,13.70605
0.8411073,13.65234
0.8415468,13.5791
0.8419862,13.51807
0.8424256,13.43262
0.8428651,13.39355
0.8433046,13.33984
0.843744,13.30078
0.8441834,13.21533
0.8446229,13.16162
0.8450624,13.10791
0.8455018,13.03467
0.8459412,12.96875
0.8463807,12.94189
0.8468202,12.88086
0.8472596,12.83691
0.847699,12.771
0.8481385,12.72217
0.848578,12.65137
0.8490174,12.60498
0.8494568,12.55371
0.8498963,12.47314
0.8503358,12.43896
0.8507752,12.38525
0.8512146,12.32666
0.8516541,12.27539
0.8520936,12.22412
0.852533,12.1582
0.8529724,12.07764
0.8534119,12.06543
0.8538514,11.96777
0.8542908,11.96289
0.8547302,11.88965
0.8551697,11.83594
0.8556091,11.7749
0.8560486,11.72363
0.856488,11.6626
0.8569275,11.61865
0.8573669,11.57715
0.8578064,11.51611
0.8582458,11.4624
0.8586853,11.40137
0.8591247,11.3623
0.8595642,11.30127
0.8600037,11.23535
0.8604431,11.21094
0.8608825,11.14258
0.861322,11.09375
0.8617615,11.02295
0.8622009,10.98633
0.8626403,10.91797
0.8630798,10.88379
0.8635193,10.82031
0.8639587,10.77637
0.8643981,10.73486
0.8648376,10.68359
0.8652771,10.62256
0.8657165,10.58594
0.8661559,10.51758
0.8665954,10.48096
0.8670349,10.44434
0.8674743,10.38574
0.8679137,10.3125
0.8683532,10.26855
0.8687927,10.22705
0.8692321,10.16113
0.8696715,10.13428
0.870111,10.06348
0.8705505,10.01465
0.8709899,9.958496
0.8714293,9.89502
0.8718688,9.909668
0.8723083,9.80957
0.8727477,9.758301
0.8731871,9.699707
0.8736266,9.685059
0.8740661,9.614258
0.8745055,9.572754
0.8749449,9.536133
0.8753844,9.482422
0.8758239,9.458008
0.8762633,9.396973
0.8767027,9.338379
0.8771422,9.316406
0.8775817,9.267578
0.8780211,9.20166
0.8784605,9.179688
0.8789,9.125977
0.8793395,9.067383
0.8797789,9.008789
0.8802183,8.95752
0.8806578,8.913574
0.8810973,8.867188
0.8815367,8.823242
0.8819761,8.803711
0.8824156,8.720703
0.8828551,8.659668
0.8832945,8.654785
0.8837339,8.623047
0.8841734,8.564453
0.8846129,8.518066
0.8850523,8.4375
0.8854917,8.444824
0.8859312,8.38623
0.8863707,8.344727
0.8868101,8.303223
0.8872495,8.256836
0.887689,8.203125
0.8881285,8.15918
0.8885679,8.103027
0.8890073,8.054199
0.8894468,8.027344
0.8898863,7.983398
0.8903257,7.927246
0.8907651,7.885742
0.8912046,7.86377
0.8916441,7.814941
0.8920835,7.783203
0.8925229,7.70752
0.8929624,7.678223
0.8934019,7.631836
0.8938413,7.578125
0.8942807,7.565918
0.8947202,7.495117
0.8951597,7.473145
0.8955991,7.409668
0.8960385,7.387695
0.896478,7.353516
0.8969175,7.321777
0.8973569,7.270508
0.8977963,7.22168
0.8982358,7.185059
0.8986753,7.148438
0.8991147,7.084961
0.8995541,7.041016